
 ⛅️ wrangler 4.120.0 (update available 4.122.0)
───────────────────────────────────────────────
Using secrets defined in .env.local
Your Worker has access to the following bindings:
Binding                                                Resource                  Mode
env.DATABASE_URL ("(hidden)")                          Environment Variable      local
env.DATABASE_SSL_REJECT_UNAUTHORIZED ("(hidden)")      Environment Variable      local
env.RESEND_API_KEY ("(hidden)")                        Environment Variable      local
env.RESEND_FROM_EMAIL ("(hidden)")                     Environment Variable      local
env.RESEND_REPLY_TO ("(hidden)")                       Environment Variable      local
env.LEAD_EMAIL_TO ("(hidden)")                         Environment Variable      local
env.LEAD_EMAIL_SUBJECT ("(hidden)")                    Environment Variable      local
env.RESEND_ALLOW_INSECURE_LOCAL_TLS ("(hidden)")       Environment Variable      local

[wrangler:warn] Unable to fetch the `Request.cf` object! Falling back to a default placeholder...
Error: self-signed certificate in certificate chain
    at TLSSocket.onConnectSecure (node:internal/tls/wrap:1649:34)
    at TLSSocket.emit (node:events:508:28)
    at TLSSocket.emit (node:domain:489:12)
    at TLSSocket._finishInit (node:internal/tls/wrap:1095:8)
    at ssl.onhandshakedone (node:internal/tls/wrap:881:12)
Attaching additional modules:
┌─────────────────────────────────────┬──────┬────────────┐
│ Name                                │ Type │ Size       │
├─────────────────────────────────────┼──────┼────────────┤
│ ssr/assets/worker-entry-BhhNTXFX.js │ esm  │ 5.14 KiB   │
├─────────────────────────────────────┼──────┼────────────┤
│ ssr/index.js                        │ esm  │ 537.72 KiB │
├─────────────────────────────────────┼──────┼────────────┤
│ ssr/__vite_rsc_assets_manifest.js   │ esm  │ 0.94 KiB   │
├─────────────────────────────────────┼──────┼────────────┤
│ __vite_rsc_assets_manifest.js       │ esm  │ 0.94 KiB   │
├─────────────────────────────────────┼──────┼────────────┤
│ Total (4 modules)                   │      │ 544.74 KiB │
└─────────────────────────────────────┴──────┴────────────┘
⎔ Starting local server...
Wrangler detected this dev session is running in an AI agent.
The Local Explorer API is available at http://127.0.0.1:3002/cdn-cgi/local/explorer/api
Useful routes:
  GET http://127.0.0.1:3002/cdn-cgi/local/explorer/api/local/workers - local Workers and bindings
  GET http://127.0.0.1:3002/cdn-cgi/local/explorer/api/storage/kv/namespaces - KV namespaces
  GET http://127.0.0.1:3002/cdn-cgi/local/explorer/api/d1/database - D1 databases
  GET http://127.0.0.1:3002/cdn-cgi/local/explorer/api/r2/buckets - R2 buckets
  GET http://127.0.0.1:3002/cdn-cgi/local/explorer/api/workers/durable_objects/namespaces - Durable Object namespaces
  GET http://127.0.0.1:3002/cdn-cgi/local/explorer/api/workflows - Workflows
  POST http://127.0.0.1:3002/cdn-cgi/local/explorer/api/local/observability/query - run a read-only SQL query (SELECT/WITH only) over captured request traces and console logs. Tables: spans, logs (read attributes via json(attributes)). Example:
    curl -X POST http://127.0.0.1:3002/cdn-cgi/local/explorer/api/local/observability/query -H 'Content-Type: application/json' -d '{"sql":"SELECT service, name, outcome, duration_ms FROM spans WHERE parent_id IS NULL LIMIT 20"}'
If the routes above don't cover what you need, fetch the full OpenAPI schema (large - use only as a last resort):
  GET http://127.0.0.1:3002/cdn-cgi/local/explorer/api - OpenAPI schema
[wrangler:warn] Unable to fetch the `Request.cf` object! Falling back to a default placeholder...
Error: self-signed certificate in certificate chain
    at TLSSocket.onConnectSecure (node:internal/tls/wrap:1649:34)
    at TLSSocket.emit (node:events:508:28)
    at TLSSocket.emit (node:domain:489:12)
    at TLSSocket._finishInit (node:internal/tls/wrap:1095:8)
    at ssl.onhandshakedone (node:internal/tls/wrap:881:12)
[wrangler:info] ✨ Parsed 2 valid header rules.
[wrangler:info] Ready on http://127.0.0.1:3002
[wrangler:info] HEAD / 200 OK (114ms)
[wrangler:info] GET /get-cities 200 OK (164ms)
[wrangler:info] GET /get-cities 200 OK (11ms)
[wrangler:info] GET /get-hotels-by-city 200 OK (9ms)
[wrangler:info] GET /get-hotels-by-city 200 OK (8ms)
[wrangler:info] GET /get-hotel-price/999999/January 200 OK (15ms)
[wrangler:info] GET /api/currencies 200 OK (12ms)
[wrangler:info] GET / 304 Not Modified (29ms)
[wrangler:info] GET /user/assets/vendor/bootstrap/css/bootstrap.min.css 304 Not Modified (13ms)
[wrangler:info] GET /vendor/flatpickr/flatpickr.min.css 304 Not Modified (17ms)
[wrangler:info] GET /user/assets/vendor/slick/css/slick.css 304 Not Modified (15ms)
[wrangler:info] GET /user/assets/vendor/slick/css/slick-theme.css 304 Not Modified (17ms)
[wrangler:info] GET /vendor/select2/select2.min.css 304 Not Modified (14ms)
[wrangler:info] GET /user/assets/vendor/aos/aos.css 304 Not Modified (22ms)
[wrangler:info] GET /user/assets/css/style.css 304 Not Modified (49ms)
[wrangler:info] GET /vendor/fontawesome/css/all.min.css 304 Not Modified (47ms)
[wrangler:info] GET /vendor/google-fonts/google-fonts.css 304 Not Modified (61ms)
[wrangler:info] GET /user/assets/css/homepage-gold-theme.css 304 Not Modified (48ms)
[wrangler:info] GET /vendor/fontawesome/css/local-icon-fixes.css 304 Not Modified (47ms)
[wrangler:info] GET /js/mutation-observer-guard.js 304 Not Modified (48ms)
[wrangler:info] GET /user/assets/images/logo.png 304 Not Modified (16ms)
[wrangler:info] GET /user/assets/vendor/jquery.min.js 304 Not Modified (12ms)
[wrangler:info] GET /user/assets/vendor/bootstrap/js/bootstrap.min.js 304 Not Modified (15ms)
[wrangler:info] GET /vendor/flatpickr/flatpickr.min.js 304 Not Modified (15ms)
[wrangler:info] GET /user/assets/vendor/aos/aos.js 304 Not Modified (15ms)
[wrangler:info] GET /user/assets/vendor/slick/js/slick.min.js 304 Not Modified (27ms)
[wrangler:info] GET /user/assets/js/custom.js 304 Not Modified (34ms)
[wrangler:info] GET /vendor/select2/select2.min.js 304 Not Modified (15ms)
[wrangler:info] GET /js/lead-forms.js 304 Not Modified (7ms)
[wrangler:info] GET /js/currency-switcher.js 304 Not Modified (11ms)
[wrangler:info] GET /js/site-search.js 304 Not Modified (17ms)
[wrangler:info] GET /user/assets/images/search.svg 304 Not Modified (10ms)
[wrangler:info] GET /vendor/google-fonts/font-32.ttf 304 Not Modified (8ms)
[wrangler:info] GET /vendor/google-fonts/font-15.ttf 304 Not Modified (16ms)
[wrangler:info] GET /vendor/google-fonts/font-12.ttf 304 Not Modified (23ms)
[wrangler:info] GET /storage/banners/4SkVYWKvY2RlANzTzq5Rh0jvzu28T6jdZ5ujG9kY.jpg 304 Not Modified (15ms)
[wrangler:info] GET /storage/banners/1N5vZk6PJa0CZfwK1MvMNRbzzlNCJ3qaM5wXFMig.jpg 304 Not Modified (12ms)
[wrangler:info] GET /storage/banners/zDU6MEA4ANapeel8MSyOa2BsYjxmLOsd3zd7CX48.jpg 304 Not Modified (13ms)
[wrangler:info] GET /storage/banners/X2NsD8x7byP3Uw0ckRe7GYx6c6MvfIostCeXnl94.jpg 304 Not Modified (18ms)
[wrangler:info] GET /user/assets/images/close-menu.svg 304 Not Modified (9ms)
[wrangler:info] GET /user/assets/images/img-icon01.png 304 Not Modified (12ms)
[wrangler:info] GET /user/assets/images/img-icon02.png 304 Not Modified (17ms)
[wrangler:info] GET /user/assets/images/img-icon03.png 304 Not Modified (19ms)
[wrangler:info] GET /vendor/fontawesome/webfonts/fa-brands-400.woff2 304 Not Modified (10ms)
[wrangler:info] GET /vendor/google-fonts/font-37.ttf 304 Not Modified (10ms)
[wrangler:info] GET /vendor/google-fonts/font-39.ttf 304 Not Modified (33ms)
[wrangler:info] GET /vendor/google-fonts/font-38.ttf 304 Not Modified (32ms)
[wrangler:info] GET /vendor/google-fonts/font-11.ttf 304 Not Modified (30ms)
[wrangler:info] GET /vendor/google-fonts/font-14.ttf 304 Not Modified (45ms)
[wrangler:info] GET /vendor/google-fonts/font-29.ttf 304 Not Modified (31ms)
[wrangler:info] GET /vendor/google-fonts/font-30.ttf 304 Not Modified (25ms)
[wrangler:info] GET /vendor/google-fonts/font-36.ttf 304 Not Modified (38ms)
[wrangler:info] GET /vendor/google-fonts/font-33.ttf 304 Not Modified (35ms)
[wrangler:info] GET /vendor/google-fonts/font-2.ttf 304 Not Modified (35ms)
[wrangler:info] GET /vendor/google-fonts/font-40.ttf 304 Not Modified (26ms)
[wrangler:info] GET /user/assets/fonts/FelixTitlingMT.woff2 304 Not Modified (28ms)
[wrangler:info] GET /vendor/google-fonts/font-10.ttf 304 Not Modified (15ms)
[wrangler:info] GET /vendor/google-fonts/font-45.ttf 304 Not Modified (24ms)
[wrangler:info] GET /vendor/google-fonts/font-31.ttf 304 Not Modified (28ms)
[wrangler:info] GET /api/currencies 200 OK (33ms)
[wrangler:info] GET /user/assets/vendor/slick/css/ajax-loader.gif 304 Not Modified (10ms)
[wrangler:info] GET /storage/recent-weddings/covers/xBSKQ3gNQAAv7Db39yG2vRWtq0yY0hPKiwHYE28G.jpg 304 Not Modified (27ms)
[wrangler:info] GET /storage/recent-weddings/gallery/qWbyIOHWMEGkCHsfowAL3pXFGynPQagg65Gt12sV.jpg 304 Not Modified (22ms)
[wrangler:info] GET /storage/recent-weddings/gallery/cKLLOAszeVHIfoXgE3pwAXLGE0X50XuaZ36bAqcL.jpg 304 Not Modified (24ms)
[wrangler:info] GET /storage/recent-weddings/gallery/AhOBPuElnkoQ9h8fpnmiGKCmXmQXPBoWsxZfq8FV.jpg 304 Not Modified (23ms)
[wrangler:info] GET /user/assets/images/map-icon.svg 304 Not Modified (27ms)
[wrangler:info] GET /user/assets/images/icon02.png 304 Not Modified (22ms)
[wrangler:info] GET /storage/recent-weddings/covers/qoDTDRcxIvksG7ocB44ekdeC0iio9QfzCKyitsnM.webp 304 Not Modified (8ms)
[wrangler:info] GET /storage/recent-weddings/gallery/Cb4wBs5Cj29JLWDQCEHmNkxCoTEjzAMwUSniWDBr.jpg 304 Not Modified (9ms)
[wrangler:info] GET /storage/recent-weddings/gallery/m719ZcmFUO7GiyRNalHzrBu5U35ztMCIHJWOafFp.jpg 304 Not Modified (11ms)
[wrangler:info] GET /storage/recent-weddings/gallery/AjhuqINByciH0v3emNZo4U3IRdrZ74nV43WR2PCi.jpg 304 Not Modified (17ms)
[wrangler:info] GET /storage/recent-weddings/covers/YHce9bdW97bDBMzcGKFO4bxlUwtADz0SOCgUvTFY.jpg 304 Not Modified (19ms)
[wrangler:info] GET /storage/recent-weddings/gallery/RT9mLE1xgROUZv97PnbYrlngMSiJPf1Fw18xYGDo.jpg 304 Not Modified (16ms)
[wrangler:info] GET /storage/recent-weddings/gallery/Rj3p3JJcjdaFqRxSenW3dqwSkVxp7JYUmvq4IinH.jpg 304 Not Modified (13ms)
[wrangler:info] GET /storage/recent-weddings/gallery/fjLJ82OACoVeSMIhcoAegtI0e6p0TJRkTxE5FMQV.jpg 304 Not Modified (8ms)
[wrangler:info] GET /storage/recent-weddings/covers/jiTcbMKNScY9RTRsJknBLLHdKcDdCxkJlEBFl6w6.jpg 304 Not Modified (8ms)
[wrangler:info] GET /storage/recent-weddings/gallery/Y5CY23qnwN3AKtmHzw6HFUQu4GWMa1OYPj0XECyj.jpg 304 Not Modified (8ms)
[wrangler:info] GET /vendor/fontawesome/webfonts/fa-solid-900.woff2 304 Not Modified (8ms)
[wrangler:info] GET /storage/recent-weddings/gallery/uvMqI0CLGOeXpEQVPQOlW7nYnDxdlKrShedtUAvH.jpg 304 Not Modified (8ms)
[wrangler:info] GET /storage/recent-weddings/gallery/xGMJCxRq8S3vAFp3or3kBhnaxeRY7QGkETNRano1.jpg 304 Not Modified (11ms)
[wrangler:info] GET /storage/hotels/thumbnails/86qXi7kzbuwiVPRF5S5a4sh0HIacTgtRmeysQtM2.jpg 304 Not Modified (13ms)
[wrangler:info] GET /storage/hotels/thumbnails/bzULEIXQdp8mcmdXpNVWrWjNJsxGJrlrnF79DBfq.jpg 304 Not Modified (15ms)
[wrangler:info] GET /storage/hotels/thumbnails/9ZaNAwFNK07JfijoREalO82ViH2KpymwuWNkhM6J.jpg 304 Not Modified (14ms)
[wrangler:info] GET /storage/hotels/thumbnails/tnBVu1iPZHgWixBkuWF5oseJWAdDWebP3kJXN7DT.jpg 304 Not Modified (21ms)
[wrangler:info] GET /storage/hotels/thumbnails/Sv9kRxzHCCBMEwLTMyk7OcZGt8GxG9wqavPFvJpZ.jpg 304 Not Modified (8ms)
[wrangler:info] GET /storage/hotels/thumbnails/Pbax7yLGvRiIt8FJDEwQLtBKKMDib24NIuw79Y3g.jpg 304 Not Modified (13ms)
[wrangler:info] GET /user/assets/images/star.svg 304 Not Modified (9ms)
[wrangler:info] GET /user/assets/images/city.png 304 Not Modified (11ms)
[wrangler:info] GET /user/assets/images/hotel.png 304 Not Modified (17ms)
[wrangler:info] GET /get-hotels-by-city/3 200 OK (12ms)
[wrangler:info] GET / 304 Not Modified (39ms)
[wrangler:info] GET /user/assets/vendor/bootstrap/css/bootstrap.min.css 304 Not Modified (14ms)
[wrangler:info] GET /vendor/flatpickr/flatpickr.min.css 304 Not Modified (11ms)
[wrangler:info] GET /user/assets/vendor/slick/css/slick.css 304 Not Modified (66ms)
[wrangler:info] GET /vendor/select2/select2.min.css 304 Not Modified (19ms)
[wrangler:info] GET /user/assets/css/style.css 304 Not Modified (13ms)
[wrangler:info] GET /user/assets/vendor/slick/css/slick-theme.css 304 Not Modified (26ms)
[wrangler:info] GET /user/assets/vendor/aos/aos.css 304 Not Modified (31ms)
[wrangler:info] GET /vendor/fontawesome/css/local-icon-fixes.css 304 Not Modified (17ms)
[wrangler:info] GET /user/assets/css/homepage-gold-theme.css 304 Not Modified (19ms)
[wrangler:info] GET /vendor/google-fonts/google-fonts.css 304 Not Modified (46ms)
[wrangler:info] GET /user/assets/images/logo.png 304 Not Modified (23ms)
[wrangler:info] GET /js/mutation-observer-guard.js 304 Not Modified (30ms)
[wrangler:info] GET /vendor/fontawesome/css/all.min.css 304 Not Modified (58ms)
[wrangler:info] GET /user/assets/vendor/jquery.min.js 304 Not Modified (21ms)
[wrangler:info] GET /user/assets/vendor/bootstrap/js/bootstrap.min.js 304 Not Modified (13ms)
[wrangler:info] GET /vendor/flatpickr/flatpickr.min.js 304 Not Modified (8ms)
[wrangler:info] GET /user/assets/vendor/slick/js/slick.min.js 304 Not Modified (7ms)
[wrangler:info] GET /user/assets/vendor/aos/aos.js 304 Not Modified (9ms)
[wrangler:info] GET /user/assets/js/custom.js 304 Not Modified (17ms)
[wrangler:info] GET /vendor/select2/select2.min.js 304 Not Modified (19ms)
[wrangler:info] GET /js/lead-forms.js 304 Not Modified (20ms)
[wrangler:info] GET /js/currency-switcher.js 304 Not Modified (15ms)
[wrangler:info] GET /js/site-search.js 304 Not Modified (15ms)
[wrangler:info] GET /user/assets/images/search.svg 304 Not Modified (10ms)
[wrangler:info] GET /vendor/google-fonts/font-32.ttf 304 Not Modified (12ms)
[wrangler:info] GET /vendor/google-fonts/font-15.ttf 304 Not Modified (10ms)
[wrangler:info] GET /vendor/google-fonts/font-12.ttf 304 Not Modified (14ms)
[wrangler:info] GET /storage/banners/4SkVYWKvY2RlANzTzq5Rh0jvzu28T6jdZ5ujG9kY.jpg 304 Not Modified (10ms)
[wrangler:info] GET /storage/banners/1N5vZk6PJa0CZfwK1MvMNRbzzlNCJ3qaM5wXFMig.jpg 304 Not Modified (10ms)
[wrangler:info] GET /storage/banners/zDU6MEA4ANapeel8MSyOa2BsYjxmLOsd3zd7CX48.jpg 304 Not Modified (14ms)
[wrangler:info] GET /storage/banners/X2NsD8x7byP3Uw0ckRe7GYx6c6MvfIostCeXnl94.jpg 304 Not Modified (10ms)
[wrangler:info] GET /user/assets/images/close-menu.svg 304 Not Modified (16ms)
[wrangler:info] GET /user/assets/images/img-icon01.png 304 Not Modified (15ms)
[wrangler:info] GET /user/assets/images/img-icon02.png 304 Not Modified (16ms)
[wrangler:info] GET /vendor/fontawesome/webfonts/fa-brands-400.woff2 304 Not Modified (17ms)
[wrangler:info] GET /user/assets/images/img-icon03.png 304 Not Modified (23ms)
[wrangler:info] GET /vendor/google-fonts/font-37.ttf 304 Not Modified (25ms)
[wrangler:info] GET /vendor/google-fonts/font-39.ttf 304 Not Modified (26ms)
[wrangler:info] GET /vendor/google-fonts/font-38.ttf 304 Not Modified (28ms)
[wrangler:info] GET /vendor/google-fonts/font-29.ttf 304 Not Modified (17ms)
[wrangler:info] GET /vendor/google-fonts/font-14.ttf 304 Not Modified (32ms)
[wrangler:info] GET /vendor/google-fonts/font-11.ttf 304 Not Modified (28ms)
[wrangler:info] GET /vendor/google-fonts/font-36.ttf 304 Not Modified (34ms)
[wrangler:info] GET /vendor/google-fonts/font-33.ttf 304 Not Modified (37ms)
[wrangler:info] GET /vendor/google-fonts/font-30.ttf 304 Not Modified (35ms)
[wrangler:info] GET /vendor/google-fonts/font-40.ttf 304 Not Modified (22ms)
[wrangler:info] GET /vendor/google-fonts/font-2.ttf 304 Not Modified (32ms)
[wrangler:info] GET /user/assets/fonts/FelixTitlingMT.woff2 304 Not Modified (26ms)
[wrangler:info] GET /vendor/google-fonts/font-45.ttf 304 Not Modified (19ms)
[wrangler:info] GET /vendor/google-fonts/font-31.ttf 304 Not Modified (21ms)
[wrangler:info] GET /vendor/google-fonts/font-10.ttf 304 Not Modified (23ms)
[wrangler:info] GET /user/assets/vendor/slick/css/ajax-loader.gif 304 Not Modified (8ms)
[wrangler:info] GET /storage/recent-weddings/covers/xBSKQ3gNQAAv7Db39yG2vRWtq0yY0hPKiwHYE28G.jpg 304 Not Modified (13ms)
[wrangler:info] GET /storage/recent-weddings/gallery/cKLLOAszeVHIfoXgE3pwAXLGE0X50XuaZ36bAqcL.jpg 304 Not Modified (12ms)
[wrangler:info] GET /storage/recent-weddings/gallery/qWbyIOHWMEGkCHsfowAL3pXFGynPQagg65Gt12sV.jpg 304 Not Modified (13ms)
[wrangler:info] GET /storage/recent-weddings/gallery/AhOBPuElnkoQ9h8fpnmiGKCmXmQXPBoWsxZfq8FV.jpg 304 Not Modified (17ms)
[wrangler:info] GET /user/assets/images/map-icon.svg 304 Not Modified (20ms)
[wrangler:info] GET /user/assets/images/icon02.png 304 Not Modified (23ms)
[wrangler:info] GET /storage/recent-weddings/covers/qoDTDRcxIvksG7ocB44ekdeC0iio9QfzCKyitsnM.webp 304 Not Modified (8ms)
[wrangler:info] GET /storage/recent-weddings/gallery/Cb4wBs5Cj29JLWDQCEHmNkxCoTEjzAMwUSniWDBr.jpg 304 Not Modified (8ms)
[wrangler:info] GET /storage/recent-weddings/gallery/m719ZcmFUO7GiyRNalHzrBu5U35ztMCIHJWOafFp.jpg 304 Not Modified (11ms)
[wrangler:info] GET /storage/recent-weddings/gallery/AjhuqINByciH0v3emNZo4U3IRdrZ74nV43WR2PCi.jpg 304 Not Modified (17ms)
[wrangler:info] GET /storage/recent-weddings/covers/YHce9bdW97bDBMzcGKFO4bxlUwtADz0SOCgUvTFY.jpg 304 Not Modified (19ms)
[wrangler:info] GET /storage/recent-weddings/gallery/RT9mLE1xgROUZv97PnbYrlngMSiJPf1Fw18xYGDo.jpg 304 Not Modified (17ms)
[wrangler:info] GET /storage/recent-weddings/gallery/Rj3p3JJcjdaFqRxSenW3dqwSkVxp7JYUmvq4IinH.jpg 304 Not Modified (9ms)
[wrangler:info] GET /storage/recent-weddings/gallery/fjLJ82OACoVeSMIhcoAegtI0e6p0TJRkTxE5FMQV.jpg 304 Not Modified (13ms)
[wrangler:info] GET /storage/recent-weddings/covers/jiTcbMKNScY9RTRsJknBLLHdKcDdCxkJlEBFl6w6.jpg 304 Not Modified (9ms)
[wrangler:info] GET /storage/recent-weddings/gallery/Y5CY23qnwN3AKtmHzw6HFUQu4GWMa1OYPj0XECyj.jpg 304 Not Modified (12ms)
[wrangler:info] GET /vendor/fontawesome/webfonts/fa-solid-900.woff2 304 Not Modified (15ms)
[wrangler:info] GET /storage/recent-weddings/gallery/uvMqI0CLGOeXpEQVPQOlW7nYnDxdlKrShedtUAvH.jpg 304 Not Modified (7ms)
[wrangler:info] GET /storage/recent-weddings/gallery/xGMJCxRq8S3vAFp3or3kBhnaxeRY7QGkETNRano1.jpg 304 Not Modified (7ms)
[wrangler:info] GET /storage/hotels/thumbnails/86qXi7kzbuwiVPRF5S5a4sh0HIacTgtRmeysQtM2.jpg 304 Not Modified (17ms)
[wrangler:info] GET /storage/hotels/thumbnails/bzULEIXQdp8mcmdXpNVWrWjNJsxGJrlrnF79DBfq.jpg 304 Not Modified (10ms)
[wrangler:info] GET /storage/hotels/thumbnails/9ZaNAwFNK07JfijoREalO82ViH2KpymwuWNkhM6J.jpg 304 Not Modified (8ms)
[wrangler:info] GET /storage/hotels/thumbnails/tnBVu1iPZHgWixBkuWF5oseJWAdDWebP3kJXN7DT.jpg 304 Not Modified (11ms)
[wrangler:info] GET /storage/hotels/thumbnails/Sv9kRxzHCCBMEwLTMyk7OcZGt8GxG9wqavPFvJpZ.jpg 304 Not Modified (18ms)
[wrangler:info] GET /storage/hotels/thumbnails/Pbax7yLGvRiIt8FJDEwQLtBKKMDib24NIuw79Y3g.jpg 304 Not Modified (17ms)
[wrangler:info] GET /user/assets/images/star.svg 304 Not Modified (9ms)
[wrangler:info] GET /user/assets/images/city.png 304 Not Modified (7ms)
[wrangler:info] GET /user/assets/images/hotel.png 304 Not Modified (8ms)
[wrangler:info] GET /storage/hotel-cost-checker/steps/OTS7ztrCFNqYGF5VxjcZQXTo6cqpu9j8hZLVdh5Z.png 304 Not Modified (40ms)
[wrangler:info] GET /storage/hotel-cost-checker/steps/AIpeBfLHgzJsF54d9yORtCm34IatNsNA93o2En18.png 304 Not Modified (41ms)
[wrangler:info] GET /storage/hotel-cost-checker/steps/THzzJrfi1orDoPcbxblcCblcIseBx4KQgYgxidqN.png 304 Not Modified (59ms)
[wrangler:info] GET /storage/hotel-cost-checker/steps/502TXgxD3DpvKJ1i8oQPPtORFknMtnZjQVkfsa92.png 304 Not Modified (53ms)
[wrangler:info] GET /user/assets/images/input02.png 304 Not Modified (22ms)
[wrangler:info] GET /user/assets/images/start-y.svg 304 Not Modified (24ms)
[wrangler:info] GET /storage/services/QVgbTakXiv3TdQ8PovHt7It6QbYFk14iYRfDY9ec.jpg 304 Not Modified (13ms)
[wrangler:info] GET /storage/services/xXZwUQ881KxorgZDpEDuBy8mGG8vaoHlPWkxyi9a.jpg 304 Not Modified (15ms)
[wrangler:info] GET /get-hotel-price/149/August 200 OK (12ms)
[wrangler:info] HEAD /compare-hotel 307 Temporary Redirect (36ms)
[wrangler:info] HEAD /compare-hotel/ 200 OK (10ms)
[wrangler:info] GET /get-cities 200 OK (17ms)
[wrangler:info] GET /get-cities 200 OK (6ms)
[wrangler:info] GET /get-hotels-by-city/1 200 OK (8ms)
[wrangler:info] GET /get-hotel-price/263/January 200 OK (5ms)
[wrangler:info] GET /get-hotel-price/263/February 200 OK (7ms)
[wrangler:info] GET /get-hotel-price/263/March 200 OK (4ms)
[wrangler:info] GET /get-hotel-price/263/April 200 OK (5ms)
[wrangler:info] GET /get-hotel-price/263/May 200 OK (44ms)
[wrangler:info] GET /get-hotel-price/263/June 200 OK (4ms)
[wrangler:info] GET /get-hotel-price/263/July 200 OK (5ms)
[wrangler:info] GET /get-hotel-price/263/August 200 OK (4ms)
[wrangler:info] GET /get-hotel-price/263/September 200 OK (5ms)
[wrangler:info] GET /get-hotel-price/263/October 200 OK (5ms)
[wrangler:info] GET /get-hotel-price/263/November 200 OK (5ms)
[wrangler:info] GET /get-hotel-price/263/December 200 OK (5ms)
[wrangler:info] GET /get-hotel-price/281/January 200 OK (4ms)
[wrangler:info] GET /get-hotel-price/281/February 200 OK (5ms)
[wrangler:info] GET /get-hotel-price/281/March 200 OK (7ms)
[wrangler:info] GET /get-hotel-price/281/April 200 OK (5ms)
[wrangler:info] GET /get-hotel-price/281/May 200 OK (5ms)
[wrangler:info] GET /get-hotel-price/281/June 200 OK (6ms)
[wrangler:info] GET /get-hotel-price/281/July 200 OK (7ms)
[wrangler:info] GET /get-hotel-price/281/August 200 OK (5ms)
[wrangler:info] GET /get-hotel-price/281/September 200 OK (5ms)
[wrangler:info] GET /get-hotel-price/281/October 200 OK (5ms)
[wrangler:info] GET /get-hotel-price/281/November 200 OK (4ms)
[wrangler:info] GET /get-hotel-price/281/December 200 OK (4ms)
[wrangler:info] GET /get-hotel-price/379/January 200 OK (5ms)
[wrangler:info] GET /get-hotel-price/379/February 200 OK (5ms)
[wrangler:info] GET /get-hotel-price/379/March 200 OK (4ms)
[wrangler:info] GET /get-hotel-price/379/April 200 OK (5ms)
[wrangler:info] GET /get-hotel-price/379/May 200 OK (5ms)
[wrangler:info] GET /get-hotel-price/379/June 200 OK (5ms)
[wrangler:info] GET /get-hotel-price/379/July 200 OK (4ms)
[wrangler:info] GET /get-hotel-price/379/August 200 OK (4ms)
[wrangler:info] GET /get-hotel-price/379/September 200 OK (6ms)
[wrangler:info] GET /get-hotel-price/379/October 200 OK (4ms)
[wrangler:info] GET /get-hotel-price/379/November 200 OK (5ms)
[wrangler:info] GET /get-hotel-price/379/December 200 OK (5ms)
[wrangler:info] GET /get-hotels-by-city/2 200 OK (6ms)
[wrangler:info] GET /get-hotel-price/359/January 200 OK (8ms)
[wrangler:info] GET /get-hotel-price/359/February 200 OK (8ms)
[wrangler:info] GET /get-hotel-price/359/March 200 OK (8ms)
[wrangler:info] GET /get-hotel-price/359/April 200 OK (11ms)
[wrangler:info] GET /get-hotel-price/359/May 200 OK (10ms)
[wrangler:info] GET /get-hotel-price/359/June 200 OK (10ms)
[wrangler:info] GET /get-hotel-price/359/July 200 OK (16ms)
[wrangler:info] GET /get-hotel-price/359/August 200 OK (8ms)
[wrangler:info] GET /get-hotel-price/359/September 200 OK (9ms)
[wrangler:info] GET /get-hotel-price/359/October 200 OK (10ms)
[wrangler:info] GET /get-hotel-price/359/November 200 OK (9ms)
[wrangler:info] GET /get-hotel-price/359/December 200 OK (9ms)
[wrangler:info] GET /get-hotels-by-city/3 200 OK (11ms)
[wrangler:info] GET /get-hotel-price/9/January 200 OK (10ms)
[wrangler:info] GET /get-hotel-price/9/February 200 OK (7ms)
[wrangler:info] GET /get-hotel-price/9/March 200 OK (11ms)
[wrangler:info] GET /get-hotel-price/9/April 200 OK (6ms)
[wrangler:info] GET /get-hotel-price/9/May 200 OK (9ms)
[wrangler:info] GET /get-hotel-price/9/June 200 OK (7ms)
[wrangler:info] GET /get-hotel-price/9/July 200 OK (8ms)
[wrangler:info] GET /get-hotel-price/9/August 200 OK (9ms)
[wrangler:info] GET /get-hotel-price/9/September 200 OK (15ms)
[wrangler:info] GET /get-hotel-price/9/October 200 OK (9ms)
[wrangler:info] GET /get-hotel-price/9/November 200 OK (4ms)
[wrangler:info] GET /get-hotel-price/9/December 200 OK (9ms)
[wrangler:info] GET /get-hotel-price/12/January 200 OK (8ms)
[wrangler:info] GET /get-hotel-price/12/February 200 OK (9ms)
[wrangler:info] GET /get-hotel-price/12/March 200 OK (7ms)
[wrangler:info] GET /get-hotel-price/12/April 200 OK (41ms)
[wrangler:info] GET /get-hotel-price/12/May 200 OK (8ms)
[wrangler:info] GET /get-hotel-price/12/June 200 OK (7ms)
[wrangler:info] GET /get-hotel-price/12/July 200 OK (7ms)
[wrangler:info] GET /get-hotel-price/12/August 200 OK (9ms)
[wrangler:info] GET /get-hotel-price/12/September 200 OK (9ms)
[wrangler:info] GET /get-hotel-price/12/October 200 OK (7ms)
[wrangler:info] GET /get-hotel-price/12/November 200 OK (7ms)
[wrangler:info] GET /get-hotel-price/12/December 200 OK (7ms)
[wrangler:info] GET /get-hotel-price/19/January 200 OK (7ms)
[wrangler:info] GET /get-hotel-price/19/February 200 OK (7ms)
[wrangler:info] GET /get-hotel-price/19/March 200 OK (7ms)
[wrangler:info] GET /get-hotel-price/19/April 200 OK (7ms)
[wrangler:info] GET /get-hotel-price/19/May 200 OK (10ms)
[wrangler:info] GET /get-hotel-price/19/June 200 OK (12ms)
[wrangler:info] GET /get-hotel-price/19/July 200 OK (6ms)
[wrangler:info] GET /get-hotel-price/19/August 200 OK (8ms)
[wrangler:info] GET /get-hotel-price/19/September 200 OK (6ms)
[wrangler:info] GET /get-hotel-price/19/October 200 OK (8ms)
[wrangler:info] GET /get-hotel-price/19/November 200 OK (10ms)
[wrangler:info] GET /get-hotel-price/19/December 200 OK (8ms)
[wrangler:info] GET /get-hotel-price/24/January 200 OK (10ms)
[wrangler:info] GET /get-hotel-price/24/February 200 OK (6ms)
[wrangler:info] GET /get-hotel-price/24/March 200 OK (8ms)
[wrangler:info] GET /get-hotel-price/24/April 200 OK (11ms)
[wrangler:info] GET /get-hotel-price/24/May 200 OK (8ms)
[wrangler:info] GET /get-hotel-price/24/June 200 OK (9ms)
[wrangler:info] GET /get-hotel-price/24/July 200 OK (7ms)
[wrangler:info] GET /get-hotel-price/24/August 200 OK (7ms)
[wrangler:info] GET /get-hotel-price/24/September 200 OK (7ms)
[wrangler:info] GET /get-hotel-price/24/October 200 OK (7ms)
[wrangler:info] GET /get-hotel-price/24/November 200 OK (8ms)
[wrangler:info] GET /get-hotel-price/24/December 200 OK (7ms)
[wrangler:info] GET /get-hotel-price/33/January 200 OK (12ms)
[wrangler:info] GET /get-hotel-price/33/February 200 OK (9ms)
[wrangler:info] GET /get-hotel-price/33/March 200 OK (10ms)
[wrangler:info] GET /get-hotel-price/33/April 200 OK (12ms)
[wrangler:info] GET /get-hotel-price/33/May 200 OK (8ms)
[wrangler:info] GET /get-hotel-price/33/June 200 OK (8ms)
[wrangler:info] GET /get-hotel-price/33/July 200 OK (8ms)
[wrangler:info] GET /get-hotel-price/33/August 200 OK (8ms)
[wrangler:info] GET /get-hotel-price/33/September 200 OK (7ms)
[wrangler:info] GET /get-hotel-price/33/October 200 OK (19ms)
[wrangler:info] GET /get-hotel-price/33/November 200 OK (12ms)
[wrangler:info] GET /get-hotel-price/33/December 200 OK (10ms)
[wrangler:info] GET /get-hotel-price/34/January 200 OK (9ms)
[wrangler:info] GET /get-hotel-price/34/February 200 OK (9ms)
[wrangler:info] GET /get-hotel-price/34/March 200 OK (8ms)
[wrangler:info] GET /get-hotel-price/34/April 200 OK (8ms)
[wrangler:info] GET /get-hotel-price/34/May 200 OK (8ms)
[wrangler:info] GET /get-hotel-price/34/June 200 OK (9ms)
[wrangler:info] GET /get-hotel-price/34/July 200 OK (9ms)
[wrangler:info] GET /get-hotel-price/34/August 200 OK (13ms)
[wrangler:info] GET /get-hotel-price/34/September 200 OK (7ms)
[wrangler:info] GET /get-hotel-price/34/October 200 OK (7ms)
[wrangler:info] GET /get-hotel-price/34/November 200 OK (17ms)
[wrangler:info] GET /get-hotel-price/34/December 200 OK (7ms)
[wrangler:info] GET /get-hotel-price/38/January 200 OK (12ms)
[wrangler:info] GET /get-hotel-price/38/February 200 OK (7ms)
[wrangler:info] GET /get-hotel-price/38/March 200 OK (23ms)
[wrangler:info] GET /get-hotel-price/38/April 200 OK (9ms)
[wrangler:info] GET /get-hotel-price/38/May 200 OK (8ms)
[wrangler:info] GET /get-hotel-price/38/June 200 OK (8ms)
[wrangler:info] GET /get-hotel-price/38/July 200 OK (7ms)
[wrangler:info] GET /get-hotel-price/38/August 200 OK (10ms)
[wrangler:info] GET /get-hotel-price/38/September 200 OK (7ms)
[wrangler:info] GET /get-hotel-price/38/October 200 OK (9ms)
[wrangler:info] GET /get-hotel-price/38/November 200 OK (7ms)
[wrangler:info] GET /get-hotel-price/38/December 200 OK (8ms)
[wrangler:info] GET /get-hotel-price/39/January 200 OK (11ms)
[wrangler:info] GET /get-hotel-price/39/February 200 OK (10ms)
[wrangler:info] GET /get-hotel-price/39/March 200 OK (11ms)
[wrangler:info] GET /get-hotel-price/39/April 200 OK (9ms)
[wrangler:info] GET /get-hotel-price/39/May 200 OK (10ms)
[wrangler:info] GET /get-hotel-price/39/June 200 OK (6ms)
[wrangler:info] GET /get-hotel-price/39/July 200 OK (10ms)
[wrangler:info] GET /get-hotel-price/39/August 200 OK (8ms)
[wrangler:info] GET /get-hotel-price/39/September 200 OK (8ms)
[wrangler:info] GET /get-hotel-price/39/October 200 OK (7ms)
[wrangler:info] GET /get-hotel-price/39/November 200 OK (11ms)
[wrangler:info] GET /get-hotel-price/39/December 200 OK (7ms)
[wrangler:info] GET /get-hotel-price/41/January 200 OK (8ms)
[wrangler:info] GET /get-hotel-price/41/February 200 OK (10ms)
[wrangler:info] GET /get-hotel-price/41/March 200 OK (8ms)
[wrangler:info] GET /get-hotel-price/41/April 200 OK (8ms)
[wrangler:info] GET /get-hotel-price/41/May 200 OK (8ms)
[wrangler:info] GET /get-hotel-price/41/June 200 OK (7ms)
[wrangler:info] GET /get-hotel-price/41/July 200 OK (10ms)
[wrangler:info] GET /get-hotel-price/41/August 200 OK (9ms)
[wrangler:info] GET /get-hotel-price/41/September 200 OK (7ms)
[wrangler:info] GET /get-hotel-price/41/October 200 OK (7ms)
[wrangler:info] GET /get-hotel-price/41/November 200 OK (10ms)
[wrangler:info] GET /get-hotel-price/41/December 200 OK (32ms)
[wrangler:info] GET /get-hotel-price/43/January 200 OK (7ms)
[wrangler:info] GET /get-hotel-price/43/February 200 OK (8ms)
[wrangler:info] GET /get-hotel-price/43/March 200 OK (9ms)
[wrangler:info] GET /get-hotel-price/43/April 200 OK (7ms)
[wrangler:info] GET /get-hotel-price/43/May 200 OK (9ms)
[wrangler:info] GET /get-hotel-price/43/June 200 OK (7ms)
[wrangler:info] GET /get-hotel-price/43/July 200 OK (9ms)
[wrangler:info] GET /get-hotel-price/43/August 200 OK (8ms)
[wrangler:info] GET /get-hotel-price/43/September 200 OK (9ms)
[wrangler:info] GET /get-hotel-price/43/October 200 OK (9ms)
[wrangler:info] GET /get-hotel-price/43/November 200 OK (13ms)
[wrangler:info] GET /get-hotel-price/43/December 200 OK (10ms)
[wrangler:info] GET /get-hotel-price/149/January 200 OK (10ms)
[wrangler:info] GET /get-hotel-price/149/February 200 OK (9ms)
[wrangler:info] GET /get-hotel-price/149/March 200 OK (10ms)
[wrangler:info] GET /get-hotel-price/149/April 200 OK (9ms)
[wrangler:info] GET /get-hotel-price/149/May 200 OK (9ms)
[wrangler:info] GET /get-hotel-price/149/June 200 OK (8ms)
[wrangler:info] GET /get-hotel-price/149/July 200 OK (6ms)
[wrangler:info] GET /get-hotel-price/149/August 200 OK (10ms)
[wrangler:info] GET /get-hotel-price/149/September 200 OK (9ms)
[wrangler:info] GET /get-hotel-price/149/October 200 OK (11ms)
[wrangler:info] GET /get-hotel-price/149/November 200 OK (11ms)
[wrangler:info] GET /get-hotel-price/149/December 200 OK (9ms)
[wrangler:info] GET /get-hotel-price/150/January 200 OK (7ms)
[wrangler:info] GET /get-hotel-price/150/February 200 OK (7ms)
[wrangler:info] GET /get-hotel-price/150/March 200 OK (10ms)
[wrangler:info] GET /get-hotel-price/150/April 200 OK (11ms)
[wrangler:info] GET /get-hotel-price/150/May 200 OK (9ms)
[wrangler:info] GET /get-hotel-price/150/June 200 OK (8ms)
[wrangler:info] GET /get-hotel-price/150/July 200 OK (8ms)
[wrangler:info] GET /get-hotel-price/150/August 200 OK (8ms)
[wrangler:info] GET /get-hotel-price/150/September 200 OK (9ms)
[wrangler:info] GET /get-hotel-price/150/October 200 OK (8ms)
[wrangler:info] GET /get-hotel-price/150/November 200 OK (7ms)
[wrangler:info] GET /get-hotel-price/150/December 200 OK (7ms)
[wrangler:info] GET /get-hotel-price/151/January 200 OK (6ms)
[wrangler:info] GET /get-hotel-price/151/February 200 OK (7ms)
[wrangler:info] GET /get-hotel-price/151/March 200 OK (13ms)
[wrangler:info] GET /get-hotel-price/151/April 200 OK (9ms)
[wrangler:info] GET /get-hotel-price/151/May 200 OK (11ms)
[wrangler:info] GET /get-hotel-price/151/June 200 OK (9ms)
[wrangler:info] GET /get-hotel-price/151/July 200 OK (7ms)
[wrangler:info] GET /get-hotel-price/151/August 200 OK (7ms)
[wrangler:info] GET /get-hotel-price/151/September 200 OK (7ms)
[wrangler:info] GET /get-hotel-price/151/October 200 OK (9ms)
[wrangler:info] GET /get-hotel-price/151/November 200 OK (8ms)
[wrangler:info] GET /get-hotel-price/151/December 200 OK (7ms)
[wrangler:info] GET /get-hotel-price/152/January 200 OK (8ms)
[wrangler:info] GET /get-hotel-price/152/February 200 OK (8ms)
[wrangler:info] GET /get-hotel-price/152/March 200 OK (30ms)
[wrangler:info] GET /get-hotel-price/152/April 200 OK (7ms)
[wrangler:info] GET /get-hotel-price/152/May 200 OK (6ms)
[wrangler:info] GET /get-hotel-price/152/June 200 OK (6ms)
[wrangler:info] GET /get-hotel-price/152/July 200 OK (8ms)
[wrangler:info] GET /get-hotel-price/152/August 200 OK (7ms)
[wrangler:info] GET /get-hotel-price/152/September 200 OK (7ms)
[wrangler:info] GET /get-hotel-price/152/October 200 OK (8ms)
[wrangler:info] GET /get-hotel-price/152/November 200 OK (7ms)
[wrangler:info] GET /get-hotel-price/152/December 200 OK (8ms)
[wrangler:info] GET /get-hotel-price/257/January 200 OK (8ms)
[wrangler:info] GET /get-hotel-price/257/February 200 OK (8ms)
[wrangler:info] GET /get-hotel-price/257/March 200 OK (6ms)
[wrangler:info] GET /get-hotel-price/257/April 200 OK (7ms)
[wrangler:info] GET /get-hotel-price/257/May 200 OK (8ms)
[wrangler:info] GET /get-hotel-price/257/June 200 OK (10ms)
[wrangler:info] GET /get-hotel-price/257/July 200 OK (7ms)
[wrangler:info] GET /get-hotel-price/257/August 200 OK (11ms)
[wrangler:info] GET /get-hotel-price/257/September 200 OK (5ms)
[wrangler:info] GET /get-hotel-price/257/October 200 OK (4ms)
[wrangler:info] GET /get-hotel-price/257/November 200 OK (5ms)
[wrangler:info] GET /get-hotel-price/257/December 200 OK (5ms)
[wrangler:info] GET /get-hotel-price/341/January 200 OK (7ms)
[wrangler:info] GET /get-hotel-price/341/February 200 OK (5ms)
[wrangler:info] GET /get-hotel-price/341/March 200 OK (7ms)
[wrangler:info] GET /get-hotel-price/341/April 200 OK (9ms)
[wrangler:info] GET /get-hotel-price/341/May 200 OK (13ms)
[wrangler:info] GET /get-hotel-price/341/June 200 OK (11ms)
[wrangler:info] GET /get-hotel-price/341/July 200 OK (10ms)
[wrangler:info] GET /get-hotel-price/341/August 200 OK (9ms)
[wrangler:info] GET /get-hotel-price/341/September 200 OK (8ms)
[wrangler:info] GET /get-hotel-price/341/October 200 OK (6ms)
[wrangler:info] GET /get-hotel-price/341/November 200 OK (8ms)
[wrangler:info] GET /get-hotel-price/341/December 200 OK (9ms)
[wrangler:info] GET /get-hotel-price/342/January 200 OK (10ms)
[wrangler:info] GET /get-hotel-price/342/February 200 OK (7ms)
[wrangler:info] GET /get-hotel-price/342/March 200 OK (10ms)
[wrangler:info] GET /get-hotel-price/342/April 200 OK (6ms)
[wrangler:info] GET /get-hotel-price/342/May 200 OK (7ms)
[wrangler:info] GET /get-hotel-price/342/June 200 OK (8ms)
[wrangler:info] GET /get-hotel-price/342/July 200 OK (8ms)
[wrangler:info] GET /get-hotel-price/342/August 200 OK (12ms)
[wrangler:info] GET /get-hotel-price/342/September 200 OK (6ms)
[wrangler:info] GET /get-hotel-price/342/October 200 OK (7ms)
[wrangler:info] GET /get-hotel-price/342/November 200 OK (7ms)
[wrangler:info] GET /get-hotel-price/342/December 200 OK (411ms)
[wrangler:info] GET /get-hotel-price/343/January 200 OK (9ms)
[wrangler:info] GET /get-hotel-price/343/February 200 OK (11ms)
[wrangler:info] GET /get-hotel-price/343/March 200 OK (8ms)
[wrangler:info] GET /get-hotel-price/343/April 200 OK (9ms)
[wrangler:info] GET /get-hotel-price/343/May 200 OK (10ms)
[wrangler:info] GET /get-hotel-price/343/June 200 OK (19ms)
[wrangler:info] GET /get-hotel-price/343/July 200 OK (8ms)
[wrangler:info] GET /get-hotel-price/343/August 200 OK (10ms)
[wrangler:info] GET /get-hotel-price/343/September 200 OK (11ms)
[wrangler:info] GET /get-hotel-price/343/October 200 OK (10ms)
[wrangler:info] GET /get-hotel-price/343/November 200 OK (10ms)
[wrangler:info] GET /get-hotel-price/343/December 200 OK (7ms)
[wrangler:info] GET /get-hotel-price/344/January 200 OK (7ms)
[wrangler:info] GET /get-hotel-price/344/February 200 OK (7ms)
[wrangler:info] GET /get-hotel-price/344/March 200 OK (7ms)
[wrangler:info] GET /get-hotel-price/344/April 200 OK (7ms)
[wrangler:info] GET /get-hotel-price/344/May 200 OK (8ms)
[wrangler:info] GET /get-hotel-price/344/June 200 OK (7ms)
[wrangler:info] GET /get-hotel-price/344/July 200 OK (7ms)
[wrangler:info] GET /get-hotel-price/344/August 200 OK (8ms)
[wrangler:info] GET /get-hotel-price/344/September 200 OK (9ms)
[wrangler:info] GET /get-hotel-price/344/October 200 OK (9ms)
[wrangler:info] GET /get-hotel-price/344/November 200 OK (7ms)
[wrangler:info] GET /get-hotel-price/344/December 200 OK (9ms)
[wrangler:info] GET /get-hotel-price/347/January 200 OK (8ms)
[wrangler:info] GET /get-hotel-price/347/February 200 OK (8ms)
[wrangler:info] GET /get-hotel-price/347/March 200 OK (8ms)
[wrangler:info] GET /get-hotel-price/347/April 200 OK (10ms)
[wrangler:info] GET /get-hotel-price/347/May 200 OK (8ms)
[wrangler:info] GET /get-hotel-price/347/June 200 OK (9ms)
[wrangler:info] GET /get-hotel-price/347/July 200 OK (6ms)
[wrangler:info] GET /get-hotel-price/347/August 200 OK (8ms)
[wrangler:info] GET /get-hotel-price/347/September 200 OK (8ms)
[wrangler:info] GET /get-hotel-price/347/October 200 OK (9ms)
[wrangler:info] GET /get-hotel-price/347/November 200 OK (6ms)
[wrangler:info] GET /get-hotel-price/347/December 200 OK (11ms)
[wrangler:info] GET /get-hotel-price/348/January 200 OK (10ms)
[wrangler:info] GET /get-hotel-price/348/February 200 OK (9ms)
[wrangler:info] GET /get-hotel-price/348/March 200 OK (8ms)
[wrangler:info] GET /get-hotel-price/348/April 200 OK (10ms)
[wrangler:info] GET /get-hotel-price/348/May 200 OK (8ms)
[wrangler:info] GET /get-hotel-price/348/June 200 OK (14ms)
[wrangler:info] GET /get-hotel-price/348/July 200 OK (10ms)
[wrangler:info] GET /get-hotel-price/348/August 200 OK (8ms)
[wrangler:info] GET /get-hotel-price/348/September 200 OK (9ms)
[wrangler:info] GET /get-hotel-price/348/October 200 OK (7ms)
[wrangler:info] GET /get-hotel-price/348/November 200 OK (10ms)
[wrangler:info] GET /get-hotel-price/348/December 200 OK (7ms)
[wrangler:info] GET /get-hotel-price/349/January 200 OK (9ms)
[wrangler:info] GET /get-hotel-price/349/February 200 OK (8ms)
[wrangler:info] GET /get-hotel-price/349/March 200 OK (8ms)
[wrangler:info] GET /get-hotel-price/349/April 200 OK (10ms)
[wrangler:info] GET /get-hotel-price/349/May 200 OK (14ms)
[wrangler:info] GET /get-hotel-price/349/June 200 OK (7ms)
[wrangler:info] GET /get-hotel-price/349/July 200 OK (7ms)
[wrangler:info] GET /get-hotel-price/349/August 200 OK (6ms)
[wrangler:info] GET /get-hotel-price/349/September 200 OK (8ms)
[wrangler:info] GET /get-hotel-price/349/October 200 OK (8ms)
[wrangler:info] GET /get-hotel-price/349/November 200 OK (9ms)
[wrangler:info] GET /get-hotel-price/349/December 200 OK (12ms)
[wrangler:info] GET /get-hotel-price/350/January 200 OK (7ms)
[wrangler:info] GET /get-hotel-price/350/February 200 OK (6ms)
[wrangler:info] GET /get-hotel-price/350/March 200 OK (8ms)
[wrangler:info] GET /get-hotel-price/350/April 200 OK (7ms)
[wrangler:info] GET /get-hotel-price/350/May 200 OK (7ms)
[wrangler:info] GET /get-hotel-price/350/June 200 OK (10ms)
[wrangler:info] GET /get-hotel-price/350/July 200 OK (9ms)
[wrangler:info] GET /get-hotel-price/350/August 200 OK (6ms)
[wrangler:info] GET /get-hotel-price/350/September 200 OK (7ms)
[wrangler:info] GET /get-hotel-price/350/October 200 OK (8ms)
[wrangler:info] GET /get-hotel-price/350/November 200 OK (8ms)
[wrangler:info] GET /get-hotel-price/350/December 200 OK (9ms)
[wrangler:info] GET /get-hotel-price/373/January 200 OK (13ms)
[wrangler:info] GET /get-hotel-price/373/February 200 OK (12ms)
[wrangler:info] GET /get-hotel-price/373/March 200 OK (7ms)
[wrangler:info] GET /get-hotel-price/373/April 200 OK (8ms)
[wrangler:info] GET /get-hotel-price/373/May 200 OK (9ms)
[wrangler:info] GET /get-hotel-price/373/June 200 OK (7ms)
[wrangler:info] GET /get-hotel-price/373/July 200 OK (7ms)
[wrangler:info] GET /get-hotel-price/373/August 200 OK (8ms)
[wrangler:info] GET /get-hotel-price/373/September 200 OK (7ms)
[wrangler:info] GET /get-hotel-price/373/October 200 OK (7ms)
[wrangler:info] GET /get-hotel-price/373/November 200 OK (9ms)
[wrangler:info] GET /get-hotel-price/373/December 200 OK (9ms)
[wrangler:info] GET /get-hotels-by-city/4 200 OK (7ms)
[wrangler:info] GET /get-hotel-price/97/January 200 OK (10ms)
[wrangler:info] GET /get-hotel-price/97/February 200 OK (11ms)
[wrangler:info] GET /get-hotel-price/97/March 200 OK (7ms)
[wrangler:info] GET /get-hotel-price/97/April 200 OK (10ms)
[wrangler:info] GET /get-hotel-price/97/May 200 OK (8ms)
[wrangler:info] GET /get-hotel-price/97/June 200 OK (7ms)
[wrangler:info] GET /get-hotel-price/97/July 200 OK (7ms)
[wrangler:info] GET /get-hotel-price/97/August 200 OK (7ms)
[wrangler:info] GET /get-hotel-price/97/September 200 OK (7ms)
[wrangler:info] GET /get-hotel-price/97/October 200 OK (8ms)
[wrangler:info] GET /get-hotel-price/97/November 200 OK (7ms)
[wrangler:info] GET /get-hotel-price/97/December 200 OK (12ms)
[wrangler:info] GET /get-hotel-price/98/January 200 OK (8ms)
[wrangler:info] GET /get-hotel-price/98/February 200 OK (9ms)
[wrangler:info] GET /get-hotel-price/98/March 200 OK (8ms)
[wrangler:info] GET /get-hotel-price/98/April 200 OK (8ms)
[wrangler:info] GET /get-hotel-price/98/May 200 OK (10ms)
[wrangler:info] GET /get-hotel-price/98/June 200 OK (6ms)
[wrangler:info] GET /get-hotel-price/98/July 200 OK (8ms)
[wrangler:info] GET /get-hotel-price/98/August 200 OK (7ms)
[wrangler:info] GET /get-hotel-price/98/September 200 OK (7ms)
[wrangler:info] GET /get-hotel-price/98/October 200 OK (9ms)
[wrangler:info] GET /get-hotel-price/98/November 200 OK (6ms)
[wrangler:info] GET /get-hotel-price/98/December 200 OK (6ms)
[wrangler:info] GET /get-hotel-price/100/January 200 OK (7ms)
[wrangler:info] GET /get-hotel-price/100/February 200 OK (8ms)
[wrangler:info] GET /get-hotel-price/100/March 200 OK (7ms)
[wrangler:info] GET /get-hotel-price/100/April 200 OK (13ms)
[wrangler:info] GET /get-hotel-price/100/May 200 OK (8ms)
[wrangler:info] GET /get-hotel-price/100/June 200 OK (7ms)
[wrangler:info] GET /get-hotel-price/100/July 200 OK (9ms)
[wrangler:info] GET /get-hotel-price/100/August 200 OK (9ms)
[wrangler:info] GET /get-hotel-price/100/September 200 OK (8ms)
[wrangler:info] GET /get-hotel-price/100/October 200 OK (6ms)
[wrangler:info] GET /get-hotel-price/100/November 200 OK (6ms)
[wrangler:info] GET /get-hotel-price/100/December 200 OK (7ms)
[wrangler:info] GET /get-hotel-price/103/January 200 OK (11ms)
[wrangler:info] GET /get-hotel-price/103/February 200 OK (7ms)
[wrangler:info] GET /get-hotel-price/103/March 200 OK (8ms)
[wrangler:info] GET /get-hotel-price/103/April 200 OK (7ms)
[wrangler:info] GET /get-hotel-price/103/May 200 OK (10ms)
[wrangler:info] GET /get-hotel-price/103/June 200 OK (10ms)
[wrangler:info] GET /get-hotel-price/103/July 200 OK (7ms)
[wrangler:info] GET /get-hotel-price/103/August 200 OK (6ms)
[wrangler:info] GET /get-hotel-price/103/September 200 OK (6ms)
[wrangler:info] GET /get-hotel-price/103/October 200 OK (7ms)
[wrangler:info] GET /get-hotel-price/103/November 200 OK (9ms)
[wrangler:info] GET /get-hotel-price/103/December 200 OK (7ms)
[wrangler:info] GET /get-hotel-price/104/January 200 OK (8ms)
[wrangler:info] GET /get-hotel-price/104/February 200 OK (10ms)
[wrangler:info] GET /get-hotel-price/104/March 200 OK (10ms)
[wrangler:info] GET /get-hotel-price/104/April 200 OK (10ms)
[wrangler:info] GET /get-hotel-price/104/May 200 OK (6ms)
[wrangler:info] GET /get-hotel-price/104/June 200 OK (4ms)
[wrangler:info] GET /get-hotel-price/104/July 200 OK (5ms)
[wrangler:info] GET /get-hotel-price/104/August 200 OK (7ms)
[wrangler:info] GET /get-hotel-price/104/September 200 OK (4ms)
[wrangler:info] GET /get-hotel-price/104/October 200 OK (4ms)
[wrangler:info] GET /get-hotel-price/104/November 200 OK (6ms)
[wrangler:info] GET /get-hotel-price/104/December 200 OK (38ms)
[wrangler:info] GET /get-hotel-price/107/January 200 OK (4ms)
[wrangler:info] GET /get-hotel-price/107/February 200 OK (10ms)
[wrangler:info] GET /get-hotel-price/107/March 200 OK (7ms)
[wrangler:info] GET /get-hotel-price/107/April 200 OK (5ms)
[wrangler:info] GET /get-hotel-price/107/May 200 OK (4ms)
[wrangler:info] GET /get-hotel-price/107/June 200 OK (6ms)
[wrangler:info] GET /get-hotel-price/107/July 200 OK (6ms)
[wrangler:info] GET /get-hotel-price/107/August 200 OK (4ms)
[wrangler:info] GET /get-hotel-price/107/September 200 OK (4ms)
[wrangler:info] GET /get-hotel-price/107/October 200 OK (5ms)
[wrangler:info] GET /get-hotel-price/107/November 200 OK (8ms)
[wrangler:info] GET /get-hotel-price/107/December 200 OK (7ms)
[wrangler:info] GET /get-hotel-price/108/January 200 OK (12ms)
[wrangler:info] GET /get-hotel-price/108/February 200 OK (8ms)
[wrangler:info] GET /get-hotel-price/108/March 200 OK (8ms)
[wrangler:info] GET /get-hotel-price/108/April 200 OK (8ms)
[wrangler:info] GET /get-hotel-price/108/May 200 OK (11ms)
[wrangler:info] GET /get-hotel-price/108/June 200 OK (7ms)
[wrangler:info] GET /get-hotel-price/108/July 200 OK (9ms)
[wrangler:info] GET /get-hotel-price/108/August 200 OK (7ms)
[wrangler:info] GET /get-hotel-price/108/September 200 OK (6ms)
[wrangler:info] GET /get-hotel-price/108/October 200 OK (8ms)
[wrangler:info] GET /get-hotel-price/108/November 200 OK (8ms)
[wrangler:info] GET /get-hotel-price/108/December 200 OK (12ms)
[wrangler:info] GET /get-hotel-price/230/January 200 OK (11ms)
[wrangler:info] GET /get-hotel-price/230/February 200 OK (8ms)
[wrangler:info] GET /get-hotel-price/230/March 200 OK (7ms)
[wrangler:info] GET /get-hotel-price/230/April 200 OK (7ms)
[wrangler:info] GET /get-hotel-price/230/May 200 OK (8ms)
[wrangler:info] GET /get-hotel-price/230/June 200 OK (7ms)
[wrangler:info] GET /get-hotel-price/230/July 200 OK (10ms)
[wrangler:info] GET /get-hotel-price/230/August 200 OK (9ms)
[wrangler:info] GET /get-hotel-price/230/September 200 OK (6ms)
[wrangler:info] GET /get-hotel-price/230/October 200 OK (6ms)
[wrangler:info] GET /get-hotel-price/230/November 200 OK (7ms)
[wrangler:info] GET /get-hotel-price/230/December 200 OK (10ms)
[wrangler:info] GET /get-hotel-price/232/January 200 OK (8ms)
[wrangler:info] GET /get-hotel-price/232/February 200 OK (10ms)
[wrangler:info] GET /get-hotel-price/232/March 200 OK (6ms)
[wrangler:info] GET /get-hotel-price/232/April 200 OK (10ms)
[wrangler:info] GET /get-hotel-price/232/May 200 OK (8ms)
[wrangler:info] GET /get-hotel-price/232/June 200 OK (10ms)
[wrangler:info] GET /get-hotel-price/232/July 200 OK (8ms)
[wrangler:info] GET /get-hotel-price/232/August 200 OK (7ms)
[wrangler:info] GET /get-hotel-price/232/September 200 OK (7ms)
[wrangler:info] GET /get-hotel-price/232/October 200 OK (8ms)
[wrangler:info] GET /get-hotel-price/232/November 200 OK (8ms)
[wrangler:info] GET /get-hotel-price/232/December 200 OK (10ms)
[wrangler:info] GET /get-hotel-price/258/January 200 OK (8ms)
[wrangler:info] GET /get-hotel-price/258/February 200 OK (7ms)
[wrangler:info] GET /get-hotel-price/258/March 200 OK (9ms)
[wrangler:info] GET /get-hotel-price/258/April 200 OK (8ms)
[wrangler:info] GET /get-hotel-price/258/May 200 OK (9ms)
[wrangler:info] GET /get-hotel-price/258/June 200 OK (6ms)
[wrangler:info] GET /get-hotel-price/258/July 200 OK (8ms)
[wrangler:info] GET /get-hotel-price/258/August 200 OK (7ms)
[wrangler:info] GET /get-hotel-price/258/September 200 OK (7ms)
[wrangler:info] GET /get-hotel-price/258/October 200 OK (9ms)
[wrangler:info] GET /get-hotel-price/258/November 200 OK (7ms)
[wrangler:info] GET /get-hotel-price/258/December 200 OK (7ms)
[wrangler:info] GET /get-hotel-price/259/January 200 OK (8ms)
[wrangler:info] GET /get-hotel-price/259/February 200 OK (7ms)
[wrangler:info] GET /get-hotel-price/259/March 200 OK (7ms)
[wrangler:info] GET /get-hotel-price/259/April 200 OK (6ms)
[wrangler:info] GET /get-hotel-price/259/May 200 OK (7ms)
[wrangler:info] GET /get-hotel-price/259/June 200 OK (7ms)
[wrangler:info] GET /get-hotel-price/259/July 200 OK (7ms)
[wrangler:info] GET /get-hotel-price/259/August 200 OK (8ms)
[wrangler:info] GET /get-hotel-price/259/September 200 OK (9ms)
[wrangler:info] GET /get-hotel-price/259/October 200 OK (7ms)
[wrangler:info] GET /get-hotel-price/259/November 200 OK (9ms)
[wrangler:info] GET /get-hotel-price/259/December 200 OK (9ms)
[wrangler:info] GET /get-hotel-price/260/January 200 OK (6ms)
[wrangler:info] GET /get-hotel-price/260/February 200 OK (7ms)
[wrangler:info] GET /get-hotel-price/260/March 200 OK (8ms)
[wrangler:info] GET /get-hotel-price/260/April 200 OK (9ms)
[wrangler:info] GET /get-hotel-price/260/May 200 OK (13ms)
[wrangler:info] GET /get-hotel-price/260/June 200 OK (8ms)
[wrangler:info] GET /get-hotel-price/260/July 200 OK (7ms)
[wrangler:info] GET /get-hotel-price/260/August 200 OK (6ms)
[wrangler:info] GET /get-hotel-price/260/September 200 OK (7ms)
[wrangler:info] GET /get-hotel-price/260/October 200 OK (9ms)
[wrangler:info] GET /get-hotel-price/260/November 200 OK (8ms)
[wrangler:info] GET /get-hotel-price/260/December 200 OK (7ms)
[wrangler:info] GET /get-hotel-price/268/January 200 OK (8ms)
[wrangler:info] GET /get-hotel-price/268/February 200 OK (9ms)
[wrangler:info] GET /get-hotel-price/268/March 200 OK (7ms)
[wrangler:info] GET /get-hotel-price/268/April 200 OK (9ms)
[wrangler:info] GET /get-hotel-price/268/May 200 OK (7ms)
[wrangler:info] GET /get-hotel-price/268/June 200 OK (7ms)
[wrangler:info] GET /get-hotel-price/268/July 200 OK (7ms)
[wrangler:info] GET /get-hotel-price/268/August 200 OK (8ms)
[wrangler:info] GET /get-hotel-price/268/September 200 OK (8ms)
[wrangler:info] GET /get-hotel-price/268/October 200 OK (9ms)
[wrangler:info] GET /get-hotel-price/268/November 200 OK (7ms)
[wrangler:info] GET /get-hotel-price/268/December 200 OK (7ms)
[wrangler:info] GET /get-hotel-price/269/January 200 OK (9ms)
[wrangler:info] GET /get-hotel-price/269/February 200 OK (9ms)
[wrangler:info] GET /get-hotel-price/269/March 200 OK (8ms)
[wrangler:info] GET /get-hotel-price/269/April 200 OK (8ms)
[wrangler:info] GET /get-hotel-price/269/May 200 OK (10ms)
[wrangler:info] GET /get-hotel-price/269/June 200 OK (8ms)
[wrangler:info] GET /get-hotel-price/269/July 200 OK (8ms)
[wrangler:info] GET /get-hotel-price/269/August 200 OK (7ms)
[wrangler:info] GET /get-hotel-price/269/September 200 OK (8ms)
[wrangler:info] GET /get-hotel-price/269/October 200 OK (10ms)
[wrangler:info] GET /get-hotel-price/269/November 200 OK (8ms)
[wrangler:info] GET /get-hotel-price/269/December 200 OK (10ms)
[wrangler:info] GET /get-hotel-price/270/January 200 OK (6ms)
[wrangler:info] GET /get-hotel-price/270/February 200 OK (9ms)
[wrangler:info] GET /get-hotel-price/270/March 200 OK (8ms)
[wrangler:info] GET /get-hotel-price/270/April 200 OK (8ms)
[wrangler:info] GET /get-hotel-price/270/May 200 OK (9ms)
[wrangler:info] GET /get-hotel-price/270/June 200 OK (9ms)
[wrangler:info] GET /get-hotel-price/270/July 200 OK (9ms)
[wrangler:info] GET /get-hotel-price/270/August 200 OK (19ms)
[wrangler:info] GET /get-hotel-price/270/September 200 OK (9ms)
[wrangler:info] GET /get-hotel-price/270/October 200 OK (7ms)
[wrangler:info] GET /get-hotel-price/270/November 200 OK (8ms)
[wrangler:info] GET /get-hotel-price/270/December 200 OK (11ms)
[wrangler:info] GET /get-hotel-price/306/January 200 OK (12ms)
[wrangler:info] GET /get-hotel-price/306/February 200 OK (17ms)
[wrangler:info] GET /get-hotel-price/306/March 200 OK (9ms)
[wrangler:info] GET /get-hotel-price/306/April 200 OK (8ms)
[wrangler:info] GET /get-hotel-price/306/May 200 OK (7ms)
[wrangler:info] GET /get-hotel-price/306/June 200 OK (7ms)
[wrangler:info] GET /get-hotel-price/306/July 200 OK (7ms)
[wrangler:info] GET /get-hotel-price/306/August 200 OK (9ms)
[wrangler:info] GET /get-hotel-price/306/September 200 OK (8ms)
[wrangler:info] GET /get-hotel-price/306/October 200 OK (8ms)
[wrangler:info] GET /get-hotel-price/306/November 200 OK (9ms)
[wrangler:info] GET /get-hotel-price/306/December 200 OK (9ms)
[wrangler:info] GET /get-hotel-price/308/January 200 OK (8ms)
[wrangler:info] GET /get-hotel-price/308/February 200 OK (17ms)
[wrangler:info] GET /get-hotel-price/308/March 200 OK (8ms)
[wrangler:info] GET /get-hotel-price/308/April 200 OK (9ms)
[wrangler:info] GET /get-hotel-price/308/May 200 OK (9ms)
[wrangler:info] GET /get-hotel-price/308/June 200 OK (8ms)
[wrangler:info] GET /get-hotel-price/308/July 200 OK (8ms)
[wrangler:info] GET /get-hotel-price/308/August 200 OK (11ms)
[wrangler:info] GET /get-hotel-price/308/September 200 OK (6ms)
[wrangler:info] GET /get-hotel-price/308/October 200 OK (9ms)
[wrangler:info] GET /get-hotel-price/308/November 200 OK (7ms)
[wrangler:info] GET /get-hotel-price/308/December 200 OK (10ms)
[wrangler:info] GET /get-hotel-price/313/January 200 OK (8ms)
[wrangler:info] GET /get-hotel-price/313/February 200 OK (7ms)
[wrangler:info] GET /get-hotel-price/313/March 200 OK (10ms)
[wrangler:info] GET /get-hotel-price/313/April 200 OK (8ms)
[wrangler:info] GET /get-hotel-price/313/May 200 OK (9ms)
[wrangler:info] GET /get-hotel-price/313/June 200 OK (8ms)
[wrangler:info] GET /get-hotel-price/313/July 200 OK (8ms)
[wrangler:info] GET /get-hotel-price/313/August 200 OK (8ms)
[wrangler:info] GET /get-hotel-price/313/September 200 OK (7ms)
[wrangler:info] GET /get-hotel-price/313/October 200 OK (8ms)
[wrangler:info] GET /get-hotel-price/313/November 200 OK (8ms)
[wrangler:info] GET /get-hotel-price/313/December 200 OK (9ms)
[wrangler:info] GET /get-hotel-price/319/January 200 OK (9ms)
[wrangler:info] GET /get-hotel-price/319/February 200 OK (8ms)
[wrangler:info] GET /get-hotel-price/319/March 200 OK (7ms)
[wrangler:info] GET /get-hotel-price/319/April 200 OK (8ms)
[wrangler:info] GET /get-hotel-price/319/May 200 OK (8ms)
[wrangler:info] GET /get-hotel-price/319/June 200 OK (12ms)
[wrangler:info] GET /get-hotel-price/319/July 200 OK (8ms)
[wrangler:info] GET /get-hotel-price/319/August 200 OK (7ms)
[wrangler:info] GET /get-hotel-price/319/September 200 OK (23ms)
[wrangler:info] GET /get-hotel-price/319/October 200 OK (7ms)
[wrangler:info] GET /get-hotel-price/319/November 200 OK (7ms)
[wrangler:info] GET /get-hotel-price/319/December 200 OK (6ms)
[wrangler:info] GET /get-hotel-price/357/January 200 OK (8ms)
[wrangler:info] GET /get-hotel-price/357/February 200 OK (8ms)
[wrangler:info] GET /get-hotel-price/357/March 200 OK (6ms)
[wrangler:info] GET /get-hotel-price/357/April 200 OK (7ms)
[wrangler:info] GET /get-hotel-price/357/May 200 OK (7ms)
[wrangler:info] GET /get-hotel-price/357/June 200 OK (11ms)
[wrangler:info] GET /get-hotel-price/357/July 200 OK (9ms)
[wrangler:info] GET /get-hotel-price/357/August 200 OK (6ms)
[wrangler:info] GET /get-hotel-price/357/September 200 OK (7ms)
[wrangler:info] GET /get-hotel-price/357/October 200 OK (7ms)
[wrangler:info] GET /get-hotel-price/357/November 200 OK (8ms)
[wrangler:info] GET /get-hotel-price/357/December 200 OK (9ms)
[wrangler:info] GET /get-hotel-price/368/January 200 OK (8ms)
[wrangler:info] GET /get-hotel-price/368/February 200 OK (8ms)
[wrangler:info] GET /get-hotel-price/368/March 200 OK (7ms)
[wrangler:info] GET /get-hotel-price/368/April 200 OK (9ms)
[wrangler:info] GET /get-hotel-price/368/May 200 OK (7ms)
[wrangler:info] GET /get-hotel-price/368/June 200 OK (9ms)
[wrangler:info] GET /get-hotel-price/368/July 200 OK (12ms)
[wrangler:info] GET /get-hotel-price/368/August 200 OK (7ms)
[wrangler:info] GET /get-hotel-price/368/September 200 OK (9ms)
[wrangler:info] GET /get-hotel-price/368/October 200 OK (5ms)
[wrangler:info] GET /get-hotel-price/368/November 200 OK (10ms)
[wrangler:info] GET /get-hotel-price/368/December 200 OK (10ms)
[wrangler:info] GET /get-hotel-price/369/January 200 OK (8ms)
[wrangler:info] GET /get-hotel-price/369/February 200 OK (13ms)
[wrangler:info] GET /get-hotel-price/369/March 200 OK (7ms)
[wrangler:info] GET /get-hotel-price/369/April 200 OK (9ms)
[wrangler:info] GET /get-hotel-price/369/May 200 OK (9ms)
[wrangler:info] GET /get-hotel-price/369/June 200 OK (8ms)
[wrangler:info] GET /get-hotel-price/369/July 200 OK (8ms)
[wrangler:info] GET /get-hotel-price/369/August 200 OK (7ms)
[wrangler:info] GET /get-hotel-price/369/September 200 OK (9ms)
[wrangler:info] GET /get-hotel-price/369/October 200 OK (7ms)
[wrangler:info] GET /get-hotel-price/369/November 200 OK (8ms)
[wrangler:info] GET /get-hotel-price/369/December 200 OK (8ms)
[wrangler:info] GET /get-hotel-price/370/January 200 OK (9ms)
[wrangler:info] GET /get-hotel-price/370/February 200 OK (9ms)
[wrangler:info] GET /get-hotel-price/370/March 200 OK (9ms)
[wrangler:info] GET /get-hotel-price/370/April 200 OK (8ms)
[wrangler:info] GET /get-hotel-price/370/May 200 OK (9ms)
[wrangler:info] GET /get-hotel-price/370/June 200 OK (9ms)
[wrangler:info] GET /get-hotel-price/370/July 200 OK (9ms)
[wrangler:info] GET /get-hotel-price/370/August 200 OK (16ms)
[wrangler:info] GET /get-hotel-price/370/September 200 OK (8ms)
[wrangler:info] GET /get-hotel-price/370/October 200 OK (8ms)
[wrangler:info] GET /get-hotel-price/370/November 200 OK (8ms)
[wrangler:info] GET /get-hotel-price/370/December 200 OK (9ms)
[wrangler:info] GET /get-hotel-price/372/January 200 OK (12ms)
[wrangler:info] GET /get-hotel-price/372/February 200 OK (11ms)
[wrangler:info] GET /get-hotel-price/372/March 200 OK (6ms)
[wrangler:info] GET /get-hotel-price/372/April 200 OK (9ms)
[wrangler:info] GET /get-hotel-price/372/May 200 OK (12ms)
[wrangler:info] GET /get-hotel-price/372/June 200 OK (10ms)
[wrangler:info] GET /get-hotel-price/372/July 200 OK (9ms)
[wrangler:info] GET /get-hotel-price/372/August 200 OK (8ms)
[wrangler:info] GET /get-hotel-price/372/September 200 OK (8ms)
[wrangler:info] GET /get-hotel-price/372/October 200 OK (8ms)
[wrangler:info] GET /get-hotel-price/372/November 200 OK (7ms)
[wrangler:info] GET /get-hotel-price/372/December 200 OK (8ms)
[wrangler:info] GET /get-hotel-price/375/January 200 OK (8ms)
[wrangler:info] GET /get-hotel-price/375/February 200 OK (7ms)
[wrangler:info] GET /get-hotel-price/375/March 200 OK (6ms)
[wrangler:info] GET /get-hotel-price/375/April 200 OK (8ms)
[wrangler:info] GET /get-hotel-price/375/May 200 OK (9ms)
[wrangler:info] GET /get-hotel-price/375/June 200 OK (9ms)
[wrangler:info] GET /get-hotel-price/375/July 200 OK (10ms)
[wrangler:info] GET /get-hotel-price/375/August 200 OK (7ms)
[wrangler:info] GET /get-hotel-price/375/September 200 OK (7ms)
[wrangler:info] GET /get-hotel-price/375/October 200 OK (10ms)
[wrangler:info] GET /get-hotel-price/375/November 200 OK (10ms)
[wrangler:info] GET /get-hotel-price/375/December 200 OK (10ms)
[wrangler:info] GET /get-hotels-by-city/5 200 OK (8ms)
[wrangler:info] GET /get-hotel-price/27/January 200 OK (12ms)
[wrangler:info] GET /get-hotel-price/27/February 200 OK (9ms)
[wrangler:info] GET /get-hotel-price/27/March 200 OK (7ms)
[wrangler:info] GET /get-hotel-price/27/April 200 OK (7ms)
[wrangler:info] GET /get-hotel-price/27/May 200 OK (8ms)
[wrangler:info] GET /get-hotel-price/27/June 200 OK (8ms)
[wrangler:info] GET /get-hotel-price/27/July 200 OK (8ms)
[wrangler:info] GET /get-hotel-price/27/August 200 OK (9ms)
[wrangler:info] GET /get-hotel-price/27/September 200 OK (7ms)
[wrangler:info] GET /get-hotel-price/27/October 200 OK (21ms)
[wrangler:info] GET /get-hotel-price/27/November 200 OK (9ms)
[wrangler:info] GET /get-hotel-price/27/December 200 OK (6ms)
[wrangler:info] GET /get-hotel-price/28/January 200 OK (8ms)
[wrangler:info] GET /get-hotel-price/28/February 200 OK (6ms)
[wrangler:info] GET /get-hotel-price/28/March 200 OK (8ms)
[wrangler:info] GET /get-hotel-price/28/April 200 OK (7ms)
[wrangler:info] GET /get-hotel-price/28/May 200 OK (6ms)
[wrangler:info] GET /get-hotel-price/28/June 200 OK (9ms)
[wrangler:info] GET /get-hotel-price/28/July 200 OK (10ms)
[wrangler:info] GET /get-hotel-price/28/August 200 OK (7ms)
[wrangler:info] GET /get-hotel-price/28/September 200 OK (8ms)
[wrangler:info] GET /get-hotel-price/28/October 200 OK (9ms)
[wrangler:info] GET /get-hotel-price/28/November 200 OK (8ms)
[wrangler:info] GET /get-hotel-price/28/December 200 OK (8ms)
[wrangler:info] GET /get-hotel-price/32/January 200 OK (10ms)
[wrangler:info] GET /get-hotel-price/32/February 200 OK (7ms)
[wrangler:info] GET /get-hotel-price/32/March 200 OK (8ms)
[wrangler:info] GET /get-hotel-price/32/April 200 OK (7ms)
[wrangler:info] GET /get-hotel-price/32/May 200 OK (10ms)
[wrangler:info] GET /get-hotel-price/32/June 200 OK (8ms)
[wrangler:info] GET /get-hotel-price/32/July 200 OK (9ms)
[wrangler:info] GET /get-hotel-price/32/August 200 OK (8ms)
[wrangler:info] GET /get-hotel-price/32/September 200 OK (9ms)
[wrangler:info] GET /get-hotel-price/32/October 200 OK (10ms)
[wrangler:info] GET /get-hotel-price/32/November 200 OK (9ms)
[wrangler:info] GET /get-hotel-price/32/December 200 OK (7ms)
[wrangler:info] GET /get-hotel-price/35/January 200 OK (9ms)
[wrangler:info] GET /get-hotel-price/35/February 200 OK (9ms)
[wrangler:info] GET /get-hotel-price/35/March 200 OK (7ms)
[wrangler:info] GET /get-hotel-price/35/April 200 OK (12ms)
[wrangler:info] GET /get-hotel-price/35/May 200 OK (8ms)
[wrangler:info] GET /get-hotel-price/35/June 200 OK (8ms)
[wrangler:info] GET /get-hotel-price/35/July 200 OK (10ms)
[wrangler:info] GET /get-hotel-price/35/August 200 OK (10ms)
[wrangler:info] GET /get-hotel-price/35/September 200 OK (7ms)
[wrangler:info] GET /get-hotel-price/35/October 200 OK (9ms)
[wrangler:info] GET /get-hotel-price/35/November 200 OK (9ms)
[wrangler:info] GET /get-hotel-price/35/December 200 OK (10ms)
[wrangler:info] GET /get-hotel-price/36/January 200 OK (8ms)
[wrangler:info] GET /get-hotel-price/36/February 200 OK (8ms)
[wrangler:info] GET /get-hotel-price/36/March 200 OK (8ms)
[wrangler:info] GET /get-hotel-price/36/April 200 OK (8ms)
[wrangler:info] GET /get-hotel-price/36/May 200 OK (9ms)
[wrangler:info] GET /get-hotel-price/36/June 200 OK (12ms)
[wrangler:info] GET /get-hotel-price/36/July 200 OK (14ms)
[wrangler:info] GET /get-hotel-price/36/August 200 OK (7ms)
[wrangler:info] GET /get-hotel-price/36/September 200 OK (9ms)
[wrangler:info] GET /get-hotel-price/36/October 200 OK (7ms)
[wrangler:info] GET /get-hotel-price/36/November 200 OK (7ms)
[wrangler:info] GET /get-hotel-price/36/December 200 OK (7ms)
[wrangler:info] GET /get-hotel-price/37/January 200 OK (9ms)
[wrangler:info] GET /get-hotel-price/37/February 200 OK (12ms)
[wrangler:info] GET /get-hotel-price/37/March 200 OK (9ms)
[wrangler:info] GET /get-hotel-price/37/April 200 OK (7ms)
[wrangler:info] GET /get-hotel-price/37/May 200 OK (6ms)
[wrangler:info] GET /get-hotel-price/37/June 200 OK (32ms)
[wrangler:info] GET /get-hotel-price/37/July 200 OK (9ms)
[wrangler:info] GET /get-hotel-price/37/August 200 OK (7ms)
[wrangler:info] GET /get-hotel-price/37/September 200 OK (8ms)
[wrangler:info] GET /get-hotel-price/37/October 200 OK (17ms)
[wrangler:info] GET /get-hotel-price/37/November 200 OK (10ms)
[wrangler:info] GET /get-hotel-price/37/December 200 OK (7ms)
[wrangler:info] GET /get-hotel-price/40/January 200 OK (8ms)
[wrangler:info] GET /get-hotel-price/40/February 200 OK (6ms)
[wrangler:info] GET /get-hotel-price/40/March 200 OK (9ms)
[wrangler:info] GET /get-hotel-price/40/April 200 OK (7ms)
[wrangler:info] GET /get-hotel-price/40/May 200 OK (10ms)
[wrangler:info] GET /get-hotel-price/40/June 200 OK (8ms)
[wrangler:info] GET /get-hotel-price/40/July 200 OK (9ms)
[wrangler:info] GET /get-hotel-price/40/August 200 OK (9ms)
[wrangler:info] GET /get-hotel-price/40/September 200 OK (8ms)
[wrangler:info] GET /get-hotel-price/40/October 200 OK (7ms)
[wrangler:info] GET /get-hotel-price/40/November 200 OK (7ms)
[wrangler:info] GET /get-hotel-price/40/December 200 OK (8ms)
[wrangler:info] GET /get-hotel-price/42/January 200 OK (7ms)
[wrangler:info] GET /get-hotel-price/42/February 200 OK (7ms)
[wrangler:info] GET /get-hotel-price/42/March 200 OK (7ms)
[wrangler:info] GET /get-hotel-price/42/April 200 OK (7ms)
[wrangler:info] GET /get-hotel-price/42/May 200 OK (10ms)
[wrangler:info] GET /get-hotel-price/42/June 200 OK (7ms)
[wrangler:info] GET /get-hotel-price/42/July 200 OK (8ms)
[wrangler:info] GET /get-hotel-price/42/August 200 OK (7ms)
[wrangler:info] GET /get-hotel-price/42/September 200 OK (6ms)
[wrangler:info] GET /get-hotel-price/42/October 200 OK (8ms)
[wrangler:info] GET /get-hotel-price/42/November 200 OK (8ms)
[wrangler:info] GET /get-hotel-price/42/December 200 OK (7ms)
[wrangler:info] GET /get-hotel-price/124/January 200 OK (7ms)
[wrangler:info] GET /get-hotel-price/124/February 200 OK (7ms)
[wrangler:info] GET /get-hotel-price/124/March 200 OK (9ms)
[wrangler:info] GET /get-hotel-price/124/April 200 OK (7ms)
[wrangler:info] GET /get-hotel-price/124/May 200 OK (11ms)
[wrangler:info] GET /get-hotel-price/124/June 200 OK (6ms)
[wrangler:info] GET /get-hotel-price/124/July 200 OK (7ms)
[wrangler:info] GET /get-hotel-price/124/August 200 OK (8ms)
[wrangler:info] GET /get-hotel-price/124/September 200 OK (7ms)
[wrangler:info] GET /get-hotel-price/124/October 200 OK (6ms)
[wrangler:info] GET /get-hotel-price/124/November 200 OK (8ms)
[wrangler:info] GET /get-hotel-price/124/December 200 OK (8ms)
[wrangler:info] GET /get-hotel-price/125/January 200 OK (8ms)
[wrangler:info] GET /get-hotel-price/125/February 200 OK (10ms)
[wrangler:info] GET /get-hotel-price/125/March 200 OK (6ms)
[wrangler:info] GET /get-hotel-price/125/April 200 OK (8ms)
[wrangler:info] GET /get-hotel-price/125/May 200 OK (10ms)
[wrangler:info] GET /get-hotel-price/125/June 200 OK (6ms)
[wrangler:info] GET /get-hotel-price/125/July 200 OK (7ms)
[wrangler:info] GET /get-hotel-price/125/August 200 OK (7ms)
[wrangler:info] GET /get-hotel-price/125/September 200 OK (8ms)
[wrangler:info] GET /get-hotel-price/125/October 200 OK (7ms)
[wrangler:info] GET /get-hotel-price/125/November 200 OK (8ms)
[wrangler:info] GET /get-hotel-price/125/December 200 OK (8ms)
[wrangler:info] GET /get-hotel-price/146/January 200 OK (9ms)
[wrangler:info] GET /get-hotel-price/146/February 200 OK (10ms)
[wrangler:info] GET /get-hotel-price/146/March 200 OK (8ms)
[wrangler:info] GET /get-hotel-price/146/April 200 OK (8ms)
[wrangler:info] GET /get-hotel-price/146/May 200 OK (10ms)
[wrangler:info] GET /get-hotel-price/146/June 200 OK (9ms)
[wrangler:info] GET /get-hotel-price/146/July 200 OK (8ms)
[wrangler:info] GET /get-hotel-price/146/August 200 OK (8ms)
[wrangler:info] GET /get-hotel-price/146/September 200 OK (12ms)
[wrangler:info] GET /get-hotel-price/146/October 200 OK (10ms)
[wrangler:info] GET /get-hotel-price/146/November 200 OK (8ms)
[wrangler:info] GET /get-hotel-price/146/December 200 OK (8ms)
[wrangler:info] GET /get-hotel-price/148/January 200 OK (8ms)
[wrangler:info] GET /get-hotel-price/148/February 200 OK (10ms)
[wrangler:info] GET /get-hotel-price/148/March 200 OK (9ms)
[wrangler:info] GET /get-hotel-price/148/April 200 OK (7ms)
[wrangler:info] GET /get-hotel-price/148/May 200 OK (9ms)
[wrangler:info] GET /get-hotel-price/148/June 200 OK (9ms)
[wrangler:info] GET /get-hotel-price/148/July 200 OK (8ms)
[wrangler:info] GET /get-hotel-price/148/August 200 OK (6ms)
[wrangler:info] GET /get-hotel-price/148/September 200 OK (10ms)
[wrangler:info] GET /get-hotel-price/148/October 200 OK (8ms)
[wrangler:info] GET /get-hotel-price/148/November 200 OK (8ms)
[wrangler:info] GET /get-hotel-price/148/December 200 OK (8ms)
[wrangler:info] GET /get-hotel-price/178/January 200 OK (7ms)
[wrangler:info] GET /get-hotel-price/178/February 200 OK (7ms)
[wrangler:info] GET /get-hotel-price/178/March 200 OK (21ms)
[wrangler:info] GET /get-hotel-price/178/April 200 OK (6ms)
[wrangler:info] GET /get-hotel-price/178/May 200 OK (9ms)
[wrangler:info] GET /get-hotel-price/178/June 200 OK (8ms)
[wrangler:info] GET /get-hotel-price/178/July 200 OK (7ms)
[wrangler:info] GET /get-hotel-price/178/August 200 OK (6ms)
[wrangler:info] GET /get-hotel-price/178/September 200 OK (11ms)
[wrangler:info] GET /get-hotel-price/178/October 200 OK (10ms)
[wrangler:info] GET /get-hotel-price/178/November 200 OK (7ms)
[wrangler:info] GET /get-hotel-price/178/December 200 OK (7ms)
[wrangler:info] GET /get-hotel-price/179/January 200 OK (8ms)
[wrangler:info] GET /get-hotel-price/179/February 200 OK (9ms)
[wrangler:info] GET /get-hotel-price/179/March 200 OK (8ms)
[wrangler:info] GET /get-hotel-price/179/April 200 OK (9ms)
[wrangler:info] GET /get-hotel-price/179/May 200 OK (9ms)
[wrangler:info] GET /get-hotel-price/179/June 200 OK (9ms)
[wrangler:info] GET /get-hotel-price/179/July 200 OK (12ms)
[wrangler:info] GET /get-hotel-price/179/August 200 OK (12ms)
[wrangler:info] GET /get-hotel-price/179/September 200 OK (8ms)
[wrangler:info] GET /get-hotel-price/179/October 200 OK (8ms)
[wrangler:info] GET /get-hotel-price/179/November 200 OK (6ms)
[wrangler:info] GET /get-hotel-price/179/December 200 OK (8ms)
[wrangler:info] GET /get-hotel-price/180/January 200 OK (9ms)
[wrangler:info] GET /get-hotel-price/180/February 200 OK (10ms)
[wrangler:info] GET /get-hotel-price/180/March 200 OK (8ms)
[wrangler:info] GET /get-hotel-price/180/April 200 OK (6ms)
[wrangler:info] GET /get-hotel-price/180/May 200 OK (7ms)
[wrangler:info] GET /get-hotel-price/180/June 200 OK (9ms)
[wrangler:info] GET /get-hotel-price/180/July 200 OK (12ms)
[wrangler:info] GET /get-hotel-price/180/August 200 OK (10ms)
[wrangler:info] GET /get-hotel-price/180/September 200 OK (10ms)
[wrangler:info] GET /get-hotel-price/180/October 200 OK (8ms)
[wrangler:info] GET /get-hotel-price/180/November 200 OK (8ms)
[wrangler:info] GET /get-hotel-price/180/December 200 OK (6ms)
[wrangler:info] GET /get-hotel-price/181/January 200 OK (7ms)
[wrangler:info] GET /get-hotel-price/181/February 200 OK (11ms)
[wrangler:info] GET /get-hotel-price/181/March 200 OK (8ms)
[wrangler:info] GET /get-hotel-price/181/April 200 OK (9ms)
[wrangler:info] GET /get-hotel-price/181/May 200 OK (26ms)
[wrangler:info] GET /get-hotel-price/181/June 200 OK (14ms)
[wrangler:info] GET /get-hotel-price/181/July 200 OK (8ms)
[wrangler:info] GET /get-hotel-price/181/August 200 OK (8ms)
[wrangler:info] GET /get-hotel-price/181/September 200 OK (8ms)
[wrangler:info] GET /get-hotel-price/181/October 200 OK (8ms)
[wrangler:info] GET /get-hotel-price/181/November 200 OK (10ms)
[wrangler:info] GET /get-hotel-price/181/December 200 OK (5ms)
[wrangler:info] GET /get-hotel-price/182/January 200 OK (8ms)
[wrangler:info] GET /get-hotel-price/182/February 200 OK (7ms)
[wrangler:info] GET /get-hotel-price/182/March 200 OK (8ms)
[wrangler:info] GET /get-hotel-price/182/April 200 OK (9ms)
[wrangler:info] GET /get-hotel-price/182/May 200 OK (8ms)
[wrangler:info] GET /get-hotel-price/182/June 200 OK (9ms)
[wrangler:info] GET /get-hotel-price/182/July 200 OK (13ms)
[wrangler:info] GET /get-hotel-price/182/August 200 OK (12ms)
[wrangler:info] GET /get-hotel-price/182/September 200 OK (8ms)
[wrangler:info] GET /get-hotel-price/182/October 200 OK (10ms)
[wrangler:info] GET /get-hotel-price/182/November 200 OK (8ms)
[wrangler:info] GET /get-hotel-price/182/December 200 OK (6ms)
[wrangler:info] GET /get-hotel-price/183/January 200 OK (8ms)
[wrangler:info] GET /get-hotel-price/183/February 200 OK (7ms)
[wrangler:info] GET /get-hotel-price/183/March 200 OK (7ms)
[wrangler:info] GET /get-hotel-price/183/April 200 OK (8ms)
[wrangler:info] GET /get-hotel-price/183/May 200 OK (10ms)
[wrangler:info] GET /get-hotel-price/183/June 200 OK (8ms)
[wrangler:info] GET /get-hotel-price/183/July 200 OK (8ms)
[wrangler:info] GET /get-hotel-price/183/August 200 OK (8ms)
[wrangler:info] GET /get-hotel-price/183/September 200 OK (6ms)
[wrangler:info] GET /get-hotel-price/183/October 200 OK (8ms)
[wrangler:info] GET /get-hotel-price/183/November 200 OK (7ms)
[wrangler:info] GET /get-hotel-price/183/December 200 OK (9ms)
[wrangler:info] GET /get-hotel-price/184/January 200 OK (6ms)
[wrangler:info] GET /get-hotel-price/184/February 200 OK (8ms)
[wrangler:info] GET /get-hotel-price/184/March 200 OK (17ms)
[wrangler:info] GET /get-hotel-price/184/April 200 OK (14ms)
[wrangler:info] GET /get-hotel-price/184/May 200 OK (9ms)
[wrangler:info] GET /get-hotel-price/184/June 200 OK (9ms)
[wrangler:info] GET /get-hotel-price/184/July 200 OK (8ms)
[wrangler:info] GET /get-hotel-price/184/August 200 OK (7ms)
[wrangler:info] GET /get-hotel-price/184/September 200 OK (7ms)
[wrangler:info] GET /get-hotel-price/184/October 200 OK (8ms)
[wrangler:info] GET /get-hotel-price/184/November 200 OK (6ms)
[wrangler:info] GET /get-hotel-price/184/December 200 OK (7ms)
[wrangler:info] GET /get-hotel-price/185/January 200 OK (8ms)
[wrangler:info] GET /get-hotel-price/185/February 200 OK (8ms)
[wrangler:info] GET /get-hotel-price/185/March 200 OK (9ms)
[wrangler:info] GET /get-hotel-price/185/April 200 OK (8ms)
[wrangler:info] GET /get-hotel-price/185/May 200 OK (8ms)
[wrangler:info] GET /get-hotel-price/185/June 200 OK (8ms)
[wrangler:info] GET /get-hotel-price/185/July 200 OK (8ms)
[wrangler:info] GET /get-hotel-price/185/August 200 OK (9ms)
[wrangler:info] GET /get-hotel-price/185/September 200 OK (8ms)
[wrangler:info] GET /get-hotel-price/185/October 200 OK (11ms)
[wrangler:info] GET /get-hotel-price/185/November 200 OK (7ms)
[wrangler:info] GET /get-hotel-price/185/December 200 OK (7ms)
[wrangler:info] GET /get-hotel-price/186/January 200 OK (8ms)
[wrangler:info] GET /get-hotel-price/186/February 200 OK (15ms)
[wrangler:info] GET /get-hotel-price/186/March 200 OK (9ms)
[wrangler:info] GET /get-hotel-price/186/April 200 OK (11ms)
[wrangler:info] GET /get-hotel-price/186/May 200 OK (13ms)
[wrangler:info] GET /get-hotel-price/186/June 200 OK (7ms)
[wrangler:info] GET /get-hotel-price/186/July 200 OK (6ms)
[wrangler:info] GET /get-hotel-price/186/August 200 OK (13ms)
[wrangler:info] GET /get-hotel-price/186/September 200 OK (10ms)
[wrangler:info] GET /get-hotel-price/186/October 200 OK (8ms)
[wrangler:info] GET /get-hotel-price/186/November 200 OK (6ms)
[wrangler:info] GET /get-hotel-price/186/December 200 OK (13ms)
[wrangler:info] GET /get-hotel-price/187/January 200 OK (8ms)
[wrangler:info] GET /get-hotel-price/187/February 200 OK (7ms)
[wrangler:info] GET /get-hotel-price/187/March 200 OK (13ms)
[wrangler:info] GET /get-hotel-price/187/April 200 OK (12ms)
[wrangler:info] GET /get-hotel-price/187/May 200 OK (7ms)
[wrangler:info] GET /get-hotel-price/187/June 200 OK (7ms)
[wrangler:info] GET /get-hotel-price/187/July 200 OK (9ms)
[wrangler:info] GET /get-hotel-price/187/August 200 OK (9ms)
[wrangler:info] GET /get-hotel-price/187/September 200 OK (9ms)
[wrangler:info] GET /get-hotel-price/187/October 200 OK (9ms)
[wrangler:info] GET /get-hotel-price/187/November 200 OK (7ms)
[wrangler:info] GET /get-hotel-price/187/December 200 OK (8ms)
[wrangler:info] GET /get-hotel-price/192/January 200 OK (7ms)
[wrangler:info] GET /get-hotel-price/192/February 200 OK (8ms)
[wrangler:info] GET /get-hotel-price/192/March 200 OK (7ms)
[wrangler:info] GET /get-hotel-price/192/April 200 OK (8ms)
[wrangler:info] GET /get-hotel-price/192/May 200 OK (7ms)
[wrangler:info] GET /get-hotel-price/192/June 200 OK (8ms)
[wrangler:info] GET /get-hotel-price/192/July 200 OK (8ms)
[wrangler:info] GET /get-hotel-price/192/August 200 OK (8ms)
[wrangler:info] GET /get-hotel-price/192/September 200 OK (8ms)
[wrangler:info] GET /get-hotel-price/192/October 200 OK (11ms)
[wrangler:info] GET /get-hotel-price/192/November 200 OK (8ms)
[wrangler:info] GET /get-hotel-price/192/December 200 OK (6ms)
[wrangler:info] GET /get-hotel-price/193/January 200 OK (9ms)
[wrangler:info] GET /get-hotel-price/193/February 200 OK (8ms)
[wrangler:info] GET /get-hotel-price/193/March 200 OK (9ms)
[wrangler:info] GET /get-hotel-price/193/April 200 OK (7ms)
[wrangler:info] GET /get-hotel-price/193/May 200 OK (10ms)
[wrangler:info] GET /get-hotel-price/193/June 200 OK (8ms)
[wrangler:info] GET /get-hotel-price/193/July 200 OK (8ms)
[wrangler:info] GET /get-hotel-price/193/August 200 OK (7ms)
[wrangler:info] GET /get-hotel-price/193/September 200 OK (8ms)
[wrangler:info] GET /get-hotel-price/193/October 200 OK (8ms)
[wrangler:info] GET /get-hotel-price/193/November 200 OK (9ms)
[wrangler:info] GET /get-hotel-price/193/December 200 OK (8ms)
[wrangler:info] GET /get-hotel-price/194/January 200 OK (8ms)
[wrangler:info] GET /get-hotel-price/194/February 200 OK (8ms)
[wrangler:info] GET /get-hotel-price/194/March 200 OK (10ms)
[wrangler:info] GET /get-hotel-price/194/April 200 OK (8ms)
[wrangler:info] GET /get-hotel-price/194/May 200 OK (9ms)
[wrangler:info] GET /get-hotel-price/194/June 200 OK (9ms)
[wrangler:info] GET /get-hotel-price/194/July 200 OK (8ms)
[wrangler:info] GET /get-hotel-price/194/August 200 OK (11ms)
[wrangler:info] GET /get-hotel-price/194/September 200 OK (9ms)
[wrangler:info] GET /get-hotel-price/194/October 200 OK (7ms)
[wrangler:info] GET /get-hotel-price/194/November 200 OK (8ms)
[wrangler:info] GET /get-hotel-price/194/December 200 OK (7ms)
[wrangler:info] GET /get-hotel-price/197/January 200 OK (9ms)
[wrangler:info] GET /get-hotel-price/197/February 200 OK (8ms)
[wrangler:info] GET /get-hotel-price/197/March 200 OK (8ms)
[wrangler:info] GET /get-hotel-price/197/April 200 OK (10ms)
[wrangler:info] GET /get-hotel-price/197/May 200 OK (8ms)
[wrangler:info] GET /get-hotel-price/197/June 200 OK (14ms)
[wrangler:info] GET /get-hotel-price/197/July 200 OK (8ms)
[wrangler:info] GET /get-hotel-price/197/August 200 OK (14ms)
[wrangler:info] GET /get-hotel-price/197/September 200 OK (10ms)
[wrangler:info] GET /get-hotel-price/197/October 200 OK (9ms)
[wrangler:info] GET /get-hotel-price/197/November 200 OK (10ms)
[wrangler:info] GET /get-hotel-price/197/December 200 OK (11ms)
[wrangler:info] GET /get-hotel-price/245/January 200 OK (8ms)
[wrangler:info] GET /get-hotel-price/245/February 200 OK (8ms)
[wrangler:info] GET /get-hotel-price/245/March 200 OK (6ms)
[wrangler:info] GET /get-hotel-price/245/April 200 OK (10ms)
[wrangler:info] GET /get-hotel-price/245/May 200 OK (8ms)
[wrangler:info] GET /get-hotel-price/245/June 200 OK (9ms)
[wrangler:info] GET /get-hotel-price/245/July 200 OK (7ms)
[wrangler:info] GET /get-hotel-price/245/August 200 OK (7ms)
[wrangler:info] GET /get-hotel-price/245/September 200 OK (8ms)
[wrangler:info] GET /get-hotel-price/245/October 200 OK (7ms)
[wrangler:info] GET /get-hotel-price/245/November 200 OK (8ms)
[wrangler:info] GET /get-hotel-price/245/December 200 OK (8ms)
[wrangler:info] GET /get-hotel-price/246/January 200 OK (8ms)
[wrangler:info] GET /get-hotel-price/246/February 200 OK (11ms)
[wrangler:info] GET /get-hotel-price/246/March 200 OK (12ms)
[wrangler:info] GET /get-hotel-price/246/April 200 OK (10ms)
[wrangler:info] GET /get-hotel-price/246/May 200 OK (8ms)
[wrangler:info] GET /get-hotel-price/246/June 200 OK (7ms)
[wrangler:info] GET /get-hotel-price/246/July 200 OK (11ms)
[wrangler:info] GET /get-hotel-price/246/August 200 OK (13ms)
[wrangler:info] GET /get-hotel-price/246/September 200 OK (10ms)
[wrangler:info] GET /get-hotel-price/246/October 200 OK (9ms)
[wrangler:info] GET /get-hotel-price/246/November 200 OK (9ms)
[wrangler:info] GET /get-hotel-price/246/December 200 OK (12ms)
[wrangler:info] GET /get-hotel-price/247/January 200 OK (8ms)
[wrangler:info] GET /get-hotel-price/247/February 200 OK (8ms)
[wrangler:info] GET /get-hotel-price/247/March 200 OK (9ms)
[wrangler:info] GET /get-hotel-price/247/April 200 OK (7ms)
[wrangler:info] GET /get-hotel-price/247/May 200 OK (12ms)
[wrangler:info] GET /get-hotel-price/247/June 200 OK (9ms)
[wrangler:info] GET /get-hotel-price/247/July 200 OK (9ms)
[wrangler:info] GET /get-hotel-price/247/August 200 OK (9ms)
[wrangler:info] GET /get-hotel-price/247/September 200 OK (9ms)
[wrangler:info] GET /get-hotel-price/247/October 200 OK (11ms)
[wrangler:info] GET /get-hotel-price/247/November 200 OK (9ms)
[wrangler:info] GET /get-hotel-price/247/December 200 OK (9ms)
[wrangler:info] GET /get-hotel-price/248/January 200 OK (9ms)
[wrangler:info] GET /get-hotel-price/248/February 200 OK (10ms)
[wrangler:info] GET /get-hotel-price/248/March 200 OK (9ms)
[wrangler:info] GET /get-hotel-price/248/April 200 OK (11ms)
[wrangler:info] GET /get-hotel-price/248/May 200 OK (50ms)
[wrangler:info] GET /get-hotel-price/248/June 200 OK (10ms)
[wrangler:info] GET /get-hotel-price/248/July 200 OK (11ms)
[wrangler:info] GET /get-hotel-price/248/August 200 OK (8ms)
[wrangler:info] GET /get-hotel-price/248/September 200 OK (11ms)
[wrangler:info] GET /get-hotel-price/248/October 200 OK (8ms)
[wrangler:info] GET /get-hotel-price/248/November 200 OK (8ms)
[wrangler:info] GET /get-hotel-price/248/December 200 OK (8ms)
[wrangler:info] GET /get-hotels-by-city/6 200 OK (9ms)
[wrangler:info] GET /get-hotel-price/25/January 200 OK (8ms)
[wrangler:info] GET /get-hotel-price/25/February 200 OK (8ms)
[wrangler:info] GET /get-hotel-price/25/March 200 OK (9ms)
[wrangler:info] GET /get-hotel-price/25/April 200 OK (40ms)
[wrangler:info] GET /get-hotel-price/25/May 200 OK (29ms)
[wrangler:info] GET /get-hotel-price/25/June 200 OK (11ms)
[wrangler:info] GET /get-hotel-price/25/July 200 OK (9ms)
[wrangler:info] GET /get-hotel-price/25/August 200 OK (9ms)
[wrangler:info] GET /get-hotel-price/25/September 200 OK (8ms)
[wrangler:info] GET /get-hotel-price/25/October 200 OK (9ms)
[wrangler:info] GET /get-hotel-price/25/November 200 OK (15ms)
[wrangler:info] GET /get-hotel-price/25/December 200 OK (8ms)
[wrangler:info] GET /get-hotel-price/26/January 200 OK (8ms)
[wrangler:info] GET /get-hotel-price/26/February 200 OK (8ms)
[wrangler:info] GET /get-hotel-price/26/March 200 OK (11ms)
[wrangler:info] GET /get-hotel-price/26/April 200 OK (11ms)
[wrangler:info] GET /get-hotel-price/26/May 200 OK (10ms)
[wrangler:info] GET /get-hotel-price/26/June 200 OK (10ms)
[wrangler:info] GET /get-hotel-price/26/July 200 OK (9ms)
[wrangler:info] GET /get-hotel-price/26/August 200 OK (10ms)
[wrangler:info] GET /get-hotel-price/26/September 200 OK (10ms)
[wrangler:info] GET /get-hotel-price/26/October 200 OK (12ms)
[wrangler:info] GET /get-hotel-price/26/November 200 OK (9ms)
[wrangler:info] GET /get-hotel-price/26/December 200 OK (10ms)
[wrangler:info] GET /get-hotel-price/30/January 200 OK (8ms)
[wrangler:info] GET /get-hotel-price/30/February 200 OK (7ms)
[wrangler:info] GET /get-hotel-price/30/March 200 OK (9ms)
[wrangler:info] GET /get-hotel-price/30/April 200 OK (8ms)
[wrangler:info] GET /get-hotel-price/30/May 200 OK (8ms)
[wrangler:info] GET /get-hotel-price/30/June 200 OK (14ms)
[wrangler:info] GET /get-hotel-price/30/July 200 OK (8ms)
[wrangler:info] GET /get-hotel-price/30/August 200 OK (8ms)
[wrangler:info] GET /get-hotel-price/30/September 200 OK (10ms)
[wrangler:info] GET /get-hotel-price/30/October 200 OK (14ms)
[wrangler:info] GET /get-hotel-price/30/November 200 OK (11ms)
[wrangler:info] GET /get-hotel-price/30/December 200 OK (8ms)
[wrangler:info] GET /get-hotel-price/31/January 200 OK (8ms)
[wrangler:info] GET /get-hotel-price/31/February 200 OK (10ms)
[wrangler:info] GET /get-hotel-price/31/March 200 OK (8ms)
[wrangler:info] GET /get-hotel-price/31/April 200 OK (12ms)
[wrangler:info] GET /get-hotel-price/31/May 200 OK (8ms)
[wrangler:info] GET /get-hotel-price/31/June 200 OK (10ms)
[wrangler:info] GET /get-hotel-price/31/July 200 OK (9ms)
[wrangler:info] GET /get-hotel-price/31/August 200 OK (9ms)
[wrangler:info] GET /get-hotel-price/31/September 200 OK (9ms)
[wrangler:info] GET /get-hotel-price/31/October 200 OK (9ms)
[wrangler:info] GET /get-hotel-price/31/November 200 OK (10ms)
[wrangler:info] GET /get-hotel-price/31/December 200 OK (8ms)
[wrangler:info] GET /get-hotel-price/44/January 200 OK (8ms)
[wrangler:info] GET /get-hotel-price/44/February 200 OK (8ms)
[wrangler:info] GET /get-hotel-price/44/March 200 OK (8ms)
[wrangler:info] GET /get-hotel-price/44/April 200 OK (9ms)
[wrangler:info] GET /get-hotel-price/44/May 200 OK (8ms)
[wrangler:info] GET /get-hotel-price/44/June 200 OK (8ms)
[wrangler:info] GET /get-hotel-price/44/July 200 OK (8ms)
[wrangler:info] GET /get-hotel-price/44/August 200 OK (10ms)
[wrangler:info] GET /get-hotel-price/44/September 200 OK (11ms)
[wrangler:info] GET /get-hotel-price/44/October 200 OK (10ms)
[wrangler:info] GET /get-hotel-price/44/November 200 OK (8ms)
[wrangler:info] GET /get-hotel-price/44/December 200 OK (12ms)
[wrangler:info] GET /get-hotel-price/145/January 200 OK (10ms)
[wrangler:info] GET /get-hotel-price/145/February 200 OK (11ms)
[wrangler:info] GET /get-hotel-price/145/March 200 OK (8ms)
[wrangler:info] GET /get-hotel-price/145/April 200 OK (9ms)
[wrangler:info] GET /get-hotel-price/145/May 200 OK (12ms)
[wrangler:info] GET /get-hotel-price/145/June 200 OK (11ms)
[wrangler:info] GET /get-hotel-price/145/July 200 OK (13ms)
[wrangler:info] GET /get-hotel-price/145/August 200 OK (8ms)
[wrangler:info] GET /get-hotel-price/145/September 200 OK (9ms)
[wrangler:info] GET /get-hotel-price/145/October 200 OK (10ms)
[wrangler:info] GET /get-hotel-price/145/November 200 OK (8ms)
[wrangler:info] GET /get-hotel-price/145/December 200 OK (7ms)
[wrangler:info] GET /get-hotel-price/346/January 200 OK (7ms)
[wrangler:info] GET /get-hotel-price/346/February 200 OK (10ms)
[wrangler:info] GET /get-hotel-price/346/March 200 OK (14ms)
[wrangler:info] GET /get-hotel-price/346/April 200 OK (9ms)
[wrangler:info] GET /get-hotel-price/346/May 200 OK (8ms)
[wrangler:info] GET /get-hotel-price/346/June 200 OK (10ms)
[wrangler:info] GET /get-hotel-price/346/July 200 OK (8ms)
[wrangler:info] GET /get-hotel-price/346/August 200 OK (8ms)
[wrangler:info] GET /get-hotel-price/346/September 200 OK (8ms)
[wrangler:info] GET /get-hotel-price/346/October 200 OK (9ms)
[wrangler:info] GET /get-hotel-price/346/November 200 OK (10ms)
[wrangler:info] GET /get-hotel-price/346/December 200 OK (10ms)
[wrangler:info] GET /get-hotels-by-city/7 200 OK (11ms)
[wrangler:info] GET /get-hotel-price/14/January 200 OK (18ms)
[wrangler:info] GET /get-hotel-price/14/February 200 OK (9ms)
[wrangler:info] GET /get-hotel-price/14/March 200 OK (9ms)
[wrangler:info] GET /get-hotel-price/14/April 200 OK (10ms)
[wrangler:info] GET /get-hotel-price/14/May 200 OK (9ms)
[wrangler:info] GET /get-hotel-price/14/June 200 OK (11ms)
[wrangler:info] GET /get-hotel-price/14/July 200 OK (7ms)
[wrangler:info] GET /get-hotel-price/14/August 200 OK (6ms)
[wrangler:info] GET /get-hotel-price/14/September 200 OK (10ms)
[wrangler:info] GET /get-hotel-price/14/October 200 OK (9ms)
[wrangler:info] GET /get-hotel-price/14/November 200 OK (10ms)
[wrangler:info] GET /get-hotel-price/14/December 200 OK (6ms)
[wrangler:info] GET /get-hotel-price/17/January 200 OK (7ms)
[wrangler:info] GET /get-hotel-price/17/February 200 OK (26ms)
[wrangler:info] GET /get-hotel-price/17/March 200 OK (8ms)
[wrangler:info] GET /get-hotel-price/17/April 200 OK (11ms)
[wrangler:info] GET /get-hotel-price/17/May 200 OK (9ms)
[wrangler:info] GET /get-hotel-price/17/June 200 OK (9ms)
[wrangler:info] GET /get-hotel-price/17/July 200 OK (9ms)
[wrangler:info] GET /get-hotel-price/17/August 200 OK (10ms)
[wrangler:info] GET /get-hotel-price/17/September 200 OK (8ms)
[wrangler:info] GET /get-hotel-price/17/October 200 OK (8ms)
[wrangler:info] GET /get-hotel-price/17/November 200 OK (7ms)
[wrangler:info] GET /get-hotel-price/17/December 200 OK (9ms)
[wrangler:info] GET /get-hotel-price/18/January 200 OK (9ms)
[wrangler:info] GET /get-hotel-price/18/February 200 OK (9ms)
[wrangler:info] GET /get-hotel-price/18/March 200 OK (8ms)
[wrangler:info] GET /get-hotel-price/18/April 200 OK (10ms)
[wrangler:info] GET /get-hotel-price/18/May 200 OK (7ms)
[wrangler:info] GET /get-hotel-price/18/June 200 OK (7ms)
[wrangler:info] GET /get-hotel-price/18/July 200 OK (7ms)
[wrangler:info] GET /get-hotel-price/18/August 200 OK (8ms)
[wrangler:info] GET /get-hotel-price/18/September 200 OK (9ms)
[wrangler:info] GET /get-hotel-price/18/October 200 OK (8ms)
[wrangler:info] GET /get-hotel-price/18/November 200 OK (8ms)
[wrangler:info] GET /get-hotel-price/18/December 200 OK (10ms)
[wrangler:info] GET /get-hotel-price/20/January 200 OK (8ms)
[wrangler:info] GET /get-hotel-price/20/February 200 OK (8ms)
[wrangler:info] GET /get-hotel-price/20/March 200 OK (11ms)
[wrangler:info] GET /get-hotel-price/20/April 200 OK (7ms)
[wrangler:info] GET /get-hotel-price/20/May 200 OK (9ms)
[wrangler:info] GET /get-hotel-price/20/June 200 OK (9ms)
[wrangler:info] GET /get-hotel-price/20/July 200 OK (8ms)
[wrangler:info] GET /get-hotel-price/20/August 200 OK (7ms)
[wrangler:info] GET /get-hotel-price/20/September 200 OK (10ms)
[wrangler:info] GET /get-hotel-price/20/October 200 OK (16ms)
[wrangler:info] GET /get-hotel-price/20/November 200 OK (8ms)
[wrangler:info] GET /get-hotel-price/20/December 200 OK (10ms)
[wrangler:info] GET /get-hotel-price/21/January 200 OK (9ms)
[wrangler:info] GET /get-hotel-price/21/February 200 OK (10ms)
[wrangler:info] GET /get-hotel-price/21/March 200 OK (8ms)
[wrangler:info] GET /get-hotel-price/21/April 200 OK (10ms)
[wrangler:info] GET /get-hotel-price/21/May 200 OK (7ms)
[wrangler:info] GET /get-hotel-price/21/June 200 OK (8ms)
[wrangler:info] GET /get-hotel-price/21/July 200 OK (9ms)
[wrangler:info] GET /get-hotel-price/21/August 200 OK (9ms)
[wrangler:info] GET /get-hotel-price/21/September 200 OK (8ms)
[wrangler:info] GET /get-hotel-price/21/October 200 OK (8ms)
[wrangler:info] GET /get-hotel-price/21/November 200 OK (10ms)
[wrangler:info] GET /get-hotel-price/21/December 200 OK (8ms)
[wrangler:info] GET /get-hotel-price/22/January 200 OK (9ms)
[wrangler:info] GET /get-hotel-price/22/February 200 OK (7ms)
[wrangler:info] GET /get-hotel-price/22/March 200 OK (9ms)
[wrangler:info] GET /get-hotel-price/22/April 200 OK (7ms)
[wrangler:info] GET /get-hotel-price/22/May 200 OK (7ms)
[wrangler:info] GET /get-hotel-price/22/June 200 OK (9ms)
[wrangler:info] GET /get-hotel-price/22/July 200 OK (7ms)
[wrangler:info] GET /get-hotel-price/22/August 200 OK (8ms)
[wrangler:info] GET /get-hotel-price/22/September 200 OK (8ms)
[wrangler:info] GET /get-hotel-price/22/October 200 OK (11ms)
[wrangler:info] GET /get-hotel-price/22/November 200 OK (33ms)
[wrangler:info] GET /get-hotel-price/22/December 200 OK (8ms)
[wrangler:info] GET /get-hotel-price/23/January 200 OK (7ms)
[wrangler:info] GET /get-hotel-price/23/February 200 OK (7ms)
[wrangler:info] GET /get-hotel-price/23/March 200 OK (9ms)
[wrangler:info] GET /get-hotel-price/23/April 200 OK (9ms)
[wrangler:info] GET /get-hotel-price/23/May 200 OK (11ms)
[wrangler:info] GET /get-hotel-price/23/June 200 OK (10ms)
[wrangler:info] GET /get-hotel-price/23/July 200 OK (10ms)
[wrangler:info] GET /get-hotel-price/23/August 200 OK (12ms)
[wrangler:info] GET /get-hotel-price/23/September 200 OK (9ms)
[wrangler:info] GET /get-hotel-price/23/October 200 OK (8ms)
[wrangler:info] GET /get-hotel-price/23/November 200 OK (9ms)
[wrangler:info] GET /get-hotel-price/23/December 200 OK (9ms)
[wrangler:info] GET /get-hotel-price/29/January 200 OK (10ms)
[wrangler:info] GET /get-hotel-price/29/February 200 OK (12ms)
[wrangler:info] GET /get-hotel-price/29/March 200 OK (9ms)
[wrangler:info] GET /get-hotel-price/29/April 200 OK (11ms)
[wrangler:info] GET /get-hotel-price/29/May 200 OK (9ms)
[wrangler:info] GET /get-hotel-price/29/June 200 OK (13ms)
[wrangler:info] GET /get-hotel-price/29/July 200 OK (9ms)
[wrangler:info] GET /get-hotel-price/29/August 200 OK (10ms)
[wrangler:info] GET /get-hotel-price/29/September 200 OK (11ms)
[wrangler:info] GET /get-hotel-price/29/October 200 OK (11ms)
[wrangler:info] GET /get-hotel-price/29/November 200 OK (10ms)
[wrangler:info] GET /get-hotel-price/29/December 200 OK (9ms)
[wrangler:info] GET /get-hotel-price/157/January 200 OK (10ms)
[wrangler:info] GET /get-hotel-price/157/February 200 OK (10ms)
[wrangler:info] GET /get-hotel-price/157/March 200 OK (8ms)
[wrangler:info] GET /get-hotel-price/157/April 200 OK (7ms)
[wrangler:info] GET /get-hotel-price/157/May 200 OK (13ms)
[wrangler:info] GET /get-hotel-price/157/June 200 OK (8ms)
[wrangler:info] GET /get-hotel-price/157/July 200 OK (7ms)
[wrangler:info] GET /get-hotel-price/157/August 200 OK (10ms)
[wrangler:info] GET /get-hotel-price/157/September 200 OK (8ms)
[wrangler:info] GET /get-hotel-price/157/October 200 OK (9ms)
[wrangler:info] GET /get-hotel-price/157/November 200 OK (13ms)
[wrangler:info] GET /get-hotel-price/157/December 200 OK (11ms)
[wrangler:info] GET /get-hotel-price/158/January 200 OK (8ms)
[wrangler:info] GET /get-hotel-price/158/February 200 OK (9ms)
[wrangler:info] GET /get-hotel-price/158/March 200 OK (9ms)
[wrangler:info] GET /get-hotel-price/158/April 200 OK (9ms)
[wrangler:info] GET /get-hotel-price/158/May 200 OK (9ms)
[wrangler:info] GET /get-hotel-price/158/June 200 OK (9ms)
[wrangler:info] GET /get-hotel-price/158/July 200 OK (10ms)
[wrangler:info] GET /get-hotel-price/158/August 200 OK (9ms)
[wrangler:info] GET /get-hotel-price/158/September 200 OK (8ms)
[wrangler:info] GET /get-hotel-price/158/October 200 OK (9ms)
[wrangler:info] GET /get-hotel-price/158/November 200 OK (10ms)
[wrangler:info] GET /get-hotel-price/158/December 200 OK (9ms)
[wrangler:info] GET /get-hotel-price/351/January 200 OK (11ms)
[wrangler:info] GET /get-hotel-price/351/February 200 OK (8ms)
[wrangler:info] GET /get-hotel-price/351/March 200 OK (9ms)
[wrangler:info] GET /get-hotel-price/351/April 200 OK (8ms)
[wrangler:info] GET /get-hotel-price/351/May 200 OK (8ms)
[wrangler:info] GET /get-hotel-price/351/June 200 OK (10ms)
[wrangler:info] GET /get-hotel-price/351/July 200 OK (10ms)
[wrangler:info] GET /get-hotel-price/351/August 200 OK (8ms)
[wrangler:info] GET /get-hotel-price/351/September 200 OK (7ms)
[wrangler:info] GET /get-hotel-price/351/October 200 OK (8ms)
[wrangler:info] GET /get-hotel-price/351/November 200 OK (9ms)
[wrangler:info] GET /get-hotel-price/351/December 200 OK (9ms)
[wrangler:info] GET /get-hotel-price/352/January 200 OK (10ms)
[wrangler:info] GET /get-hotel-price/352/February 200 OK (9ms)
[wrangler:info] GET /get-hotel-price/352/March 200 OK (8ms)
[wrangler:info] GET /get-hotel-price/352/April 200 OK (7ms)
[wrangler:info] GET /get-hotel-price/352/May 200 OK (12ms)
[wrangler:info] GET /get-hotel-price/352/June 200 OK (11ms)
[wrangler:info] GET /get-hotel-price/352/July 200 OK (8ms)
[wrangler:info] GET /get-hotel-price/352/August 200 OK (11ms)
[wrangler:info] GET /get-hotel-price/352/September 200 OK (9ms)
[wrangler:info] GET /get-hotel-price/352/October 200 OK (8ms)
[wrangler:info] GET /get-hotel-price/352/November 200 OK (8ms)
[wrangler:info] GET /get-hotel-price/352/December 200 OK (10ms)
[wrangler:info] GET /get-hotel-price/353/January 200 OK (10ms)
[wrangler:info] GET /get-hotel-price/353/February 200 OK (25ms)
[wrangler:info] GET /get-hotel-price/353/March 200 OK (9ms)
[wrangler:info] GET /get-hotel-price/353/April 200 OK (10ms)
[wrangler:info] GET /get-hotel-price/353/May 200 OK (11ms)
[wrangler:info] GET /get-hotel-price/353/June 200 OK (10ms)
[wrangler:info] GET /get-hotel-price/353/July 200 OK (11ms)
[wrangler:info] GET /get-hotel-price/353/August 200 OK (9ms)
[wrangler:info] GET /get-hotel-price/353/September 200 OK (6ms)
[wrangler:info] GET /get-hotel-price/353/October 200 OK (8ms)
[wrangler:info] GET /get-hotel-price/353/November 200 OK (14ms)
[wrangler:info] GET /get-hotel-price/353/December 200 OK (12ms)
[wrangler:info] GET /get-hotel-price/354/January 200 OK (8ms)
[wrangler:info] GET /get-hotel-price/354/February 200 OK (12ms)
[wrangler:info] GET /get-hotel-price/354/March 200 OK (5ms)
[wrangler:info] GET /get-hotel-price/354/April 200 OK (4ms)
[wrangler:info] GET /get-hotel-price/354/May 200 OK (8ms)
[wrangler:info] GET /get-hotel-price/354/June 200 OK (5ms)
[wrangler:info] GET /get-hotel-price/354/July 200 OK (5ms)
[wrangler:info] GET /get-hotel-price/354/August 200 OK (4ms)
[wrangler:info] GET /get-hotel-price/354/September 200 OK (5ms)
[wrangler:info] GET /get-hotel-price/354/October 200 OK (4ms)
[wrangler:info] GET /get-hotel-price/354/November 200 OK (7ms)
[wrangler:info] GET /get-hotel-price/354/December 200 OK (8ms)
[wrangler:info] GET /get-hotel-price/355/January 200 OK (10ms)
[wrangler:info] GET /get-hotel-price/355/February 200 OK (9ms)
[wrangler:info] GET /get-hotel-price/355/March 200 OK (9ms)
[wrangler:info] GET /get-hotel-price/355/April 200 OK (9ms)
[wrangler:info] GET /get-hotel-price/355/May 200 OK (8ms)
[wrangler:info] GET /get-hotel-price/355/June 200 OK (7ms)
[wrangler:info] GET /get-hotel-price/355/July 200 OK (9ms)
[wrangler:info] GET /get-hotel-price/355/August 200 OK (10ms)
[wrangler:info] GET /get-hotel-price/355/September 200 OK (12ms)
[wrangler:info] GET /get-hotel-price/355/October 200 OK (24ms)
[wrangler:info] GET /get-hotel-price/355/November 200 OK (11ms)
[wrangler:info] GET /get-hotel-price/355/December 200 OK (8ms)
[wrangler:info] GET /get-hotel-price/356/January 200 OK (9ms)
[wrangler:info] GET /get-hotel-price/356/February 200 OK (8ms)
[wrangler:info] GET /get-hotel-price/356/March 200 OK (8ms)
[wrangler:info] GET /get-hotel-price/356/April 200 OK (7ms)
[wrangler:info] GET /get-hotel-price/356/May 200 OK (10ms)
[wrangler:info] GET /get-hotel-price/356/June 200 OK (8ms)
[wrangler:info] GET /get-hotel-price/356/July 200 OK (9ms)
[wrangler:info] GET /get-hotel-price/356/August 200 OK (8ms)
[wrangler:info] GET /get-hotel-price/356/September 200 OK (22ms)
[wrangler:info] GET /get-hotel-price/356/October 200 OK (8ms)
[wrangler:info] GET /get-hotel-price/356/November 200 OK (14ms)
[wrangler:info] GET /get-hotel-price/356/December 200 OK (9ms)
[wrangler:info] GET /get-hotel-price/384/January 200 OK (9ms)
[wrangler:info] GET /get-hotel-price/384/February 200 OK (7ms)
[wrangler:info] GET /get-hotel-price/384/March 200 OK (8ms)
[wrangler:info] GET /get-hotel-price/384/April 200 OK (10ms)
[wrangler:info] GET /get-hotel-price/384/May 200 OK (11ms)
[wrangler:info] GET /get-hotel-price/384/June 200 OK (8ms)
[wrangler:info] GET /get-hotel-price/384/July 200 OK (9ms)
[wrangler:info] GET /get-hotel-price/384/August 200 OK (8ms)
[wrangler:info] GET /get-hotel-price/384/September 200 OK (10ms)
[wrangler:info] GET /get-hotel-price/384/October 200 OK (9ms)
[wrangler:info] GET /get-hotel-price/384/November 200 OK (7ms)
[wrangler:info] GET /get-hotel-price/384/December 200 OK (10ms)
[wrangler:info] GET /get-hotel-price/437/January 200 OK (7ms)
[wrangler:info] GET /get-hotel-price/437/February 200 OK (8ms)
[wrangler:info] GET /get-hotel-price/437/March 200 OK (7ms)
[wrangler:info] GET /get-hotel-price/437/April 200 OK (13ms)
[wrangler:info] GET /get-hotel-price/437/May 200 OK (7ms)
[wrangler:info] GET /get-hotel-price/437/June 200 OK (9ms)
[wrangler:info] GET /get-hotel-price/437/July 200 OK (10ms)
[wrangler:info] GET /get-hotel-price/437/August 200 OK (10ms)
[wrangler:info] GET /get-hotel-price/437/September 200 OK (9ms)
[wrangler:info] GET /get-hotel-price/437/October 200 OK (9ms)
[wrangler:info] GET /get-hotel-price/437/November 200 OK (10ms)
[wrangler:info] GET /get-hotel-price/437/December 200 OK (8ms)
[wrangler:info] GET /get-hotels-by-city/8 200 OK (8ms)
[wrangler:info] GET /get-hotel-price/45/January 200 OK (9ms)
[wrangler:info] GET /get-hotel-price/45/February 200 OK (9ms)
[wrangler:info] GET /get-hotel-price/45/March 200 OK (15ms)
[wrangler:info] GET /get-hotel-price/45/April 200 OK (10ms)
[wrangler:info] GET /get-hotel-price/45/May 200 OK (8ms)
[wrangler:info] GET /get-hotel-price/45/June 200 OK (11ms)
[wrangler:info] GET /get-hotel-price/45/July 200 OK (9ms)
[wrangler:info] GET /get-hotel-price/45/August 200 OK (8ms)
[wrangler:info] GET /get-hotel-price/45/September 200 OK (8ms)
[wrangler:info] GET /get-hotel-price/45/October 200 OK (8ms)
[wrangler:info] GET /get-hotel-price/45/November 200 OK (12ms)
[wrangler:info] GET /get-hotel-price/45/December 200 OK (9ms)
[wrangler:info] GET /get-hotel-price/48/January 200 OK (11ms)
[wrangler:info] GET /get-hotel-price/48/February 200 OK (11ms)
[wrangler:info] GET /get-hotel-price/48/March 200 OK (8ms)
[wrangler:info] GET /get-hotel-price/48/April 200 OK (8ms)
[wrangler:info] GET /get-hotel-price/48/May 200 OK (8ms)
[wrangler:info] GET /get-hotel-price/48/June 200 OK (6ms)
[wrangler:info] GET /get-hotel-price/48/July 200 OK (8ms)
[wrangler:info] GET /get-hotel-price/48/August 200 OK (9ms)
[wrangler:info] GET /get-hotel-price/48/September 200 OK (12ms)
[wrangler:info] GET /get-hotel-price/48/October 200 OK (8ms)
[wrangler:info] GET /get-hotel-price/48/November 200 OK (10ms)
[wrangler:info] GET /get-hotel-price/48/December 200 OK (8ms)
[wrangler:info] GET /get-hotel-price/63/January 200 OK (8ms)
[wrangler:info] GET /get-hotel-price/63/February 200 OK (8ms)
[wrangler:info] GET /get-hotel-price/63/March 200 OK (8ms)
[wrangler:info] GET /get-hotel-price/63/April 200 OK (7ms)
[wrangler:info] GET /get-hotel-price/63/May 200 OK (6ms)
[wrangler:info] GET /get-hotel-price/63/June 200 OK (9ms)
[wrangler:info] GET /get-hotel-price/63/July 200 OK (9ms)
[wrangler:info] GET /get-hotel-price/63/August 200 OK (9ms)
[wrangler:info] GET /get-hotel-price/63/September 200 OK (8ms)
[wrangler:info] GET /get-hotel-price/63/October 200 OK (8ms)
[wrangler:info] GET /get-hotel-price/63/November 200 OK (9ms)
[wrangler:info] GET /get-hotel-price/63/December 200 OK (10ms)
[wrangler:info] GET /get-hotel-price/156/January 200 OK (10ms)
[wrangler:info] GET /get-hotel-price/156/February 200 OK (8ms)
[wrangler:info] GET /get-hotel-price/156/March 200 OK (8ms)
[wrangler:info] GET /get-hotel-price/156/April 200 OK (9ms)
[wrangler:info] GET /get-hotel-price/156/May 200 OK (12ms)
[wrangler:info] GET /get-hotel-price/156/June 200 OK (7ms)
[wrangler:info] GET /get-hotel-price/156/July 200 OK (8ms)
[wrangler:info] GET /get-hotel-price/156/August 200 OK (7ms)
[wrangler:info] GET /get-hotel-price/156/September 200 OK (6ms)
[wrangler:info] GET /get-hotel-price/156/October 200 OK (7ms)
[wrangler:info] GET /get-hotel-price/156/November 200 OK (13ms)
[wrangler:info] GET /get-hotel-price/156/December 200 OK (8ms)
[wrangler:info] GET /get-hotel-price/166/January 200 OK (9ms)
[wrangler:info] GET /get-hotel-price/166/February 200 OK (8ms)
[wrangler:info] GET /get-hotel-price/166/March 200 OK (8ms)
[wrangler:info] GET /get-hotel-price/166/April 200 OK (9ms)
[wrangler:info] GET /get-hotel-price/166/May 200 OK (8ms)
[wrangler:info] GET /get-hotel-price/166/June 200 OK (8ms)
[wrangler:info] GET /get-hotel-price/166/July 200 OK (8ms)
[wrangler:info] GET /get-hotel-price/166/August 200 OK (7ms)
[wrangler:info] GET /get-hotel-price/166/September 200 OK (8ms)
[wrangler:info] GET /get-hotel-price/166/October 200 OK (10ms)
[wrangler:info] GET /get-hotel-price/166/November 200 OK (10ms)
[wrangler:info] GET /get-hotel-price/166/December 200 OK (6ms)
[wrangler:info] GET /get-hotel-price/168/January 200 OK (9ms)
[wrangler:info] GET /get-hotel-price/168/February 200 OK (8ms)
[wrangler:info] GET /get-hotel-price/168/March 200 OK (11ms)
[wrangler:info] GET /get-hotel-price/168/April 200 OK (9ms)
[wrangler:info] GET /get-hotel-price/168/May 200 OK (6ms)
[wrangler:info] GET /get-hotel-price/168/June 200 OK (7ms)
[wrangler:info] GET /get-hotel-price/168/July 200 OK (7ms)
[wrangler:info] GET /get-hotel-price/168/August 200 OK (7ms)
[wrangler:info] GET /get-hotel-price/168/September 200 OK (13ms)
[wrangler:info] GET /get-hotel-price/168/October 200 OK (9ms)
[wrangler:info] GET /get-hotel-price/168/November 200 OK (6ms)
[wrangler:info] GET /get-hotel-price/168/December 200 OK (10ms)
[wrangler:info] GET /get-hotel-price/169/January 200 OK (7ms)
[wrangler:info] GET /get-hotel-price/169/February 200 OK (8ms)
[wrangler:info] GET /get-hotel-price/169/March 200 OK (8ms)
[wrangler:info] GET /get-hotel-price/169/April 200 OK (9ms)
[wrangler:info] GET /get-hotel-price/169/May 200 OK (9ms)
[wrangler:info] GET /get-hotel-price/169/June 200 OK (7ms)
[wrangler:info] GET /get-hotel-price/169/July 200 OK (7ms)
[wrangler:info] GET /get-hotel-price/169/August 200 OK (10ms)
[wrangler:info] GET /get-hotel-price/169/September 200 OK (10ms)
[wrangler:info] GET /get-hotel-price/169/October 200 OK (8ms)
[wrangler:info] GET /get-hotel-price/169/November 200 OK (7ms)
[wrangler:info] GET /get-hotel-price/169/December 200 OK (9ms)
[wrangler:info] GET /get-hotel-price/170/January 200 OK (13ms)
[wrangler:info] GET /get-hotel-price/170/February 200 OK (7ms)
[wrangler:info] GET /get-hotel-price/170/March 200 OK (10ms)
[wrangler:info] GET /get-hotel-price/170/April 200 OK (10ms)
[wrangler:info] GET /get-hotel-price/170/May 200 OK (8ms)
[wrangler:info] GET /get-hotel-price/170/June 200 OK (10ms)
[wrangler:info] GET /get-hotel-price/170/July 200 OK (21ms)
[wrangler:info] GET /get-hotel-price/170/August 200 OK (9ms)
[wrangler:info] GET /get-hotel-price/170/September 200 OK (8ms)
[wrangler:info] GET /get-hotel-price/170/October 200 OK (6ms)
[wrangler:info] GET /get-hotel-price/170/November 200 OK (8ms)
[wrangler:info] GET /get-hotel-price/170/December 200 OK (6ms)
[wrangler:info] GET /get-hotel-price/171/January 200 OK (10ms)
[wrangler:info] GET /get-hotel-price/171/February 200 OK (7ms)
[wrangler:info] GET /get-hotel-price/171/March 200 OK (9ms)
[wrangler:info] GET /get-hotel-price/171/April 200 OK (9ms)
[wrangler:info] GET /get-hotel-price/171/May 200 OK (10ms)
[wrangler:info] GET /get-hotel-price/171/June 200 OK (7ms)
[wrangler:info] GET /get-hotel-price/171/July 200 OK (8ms)
[wrangler:info] GET /get-hotel-price/171/August 200 OK (7ms)
[wrangler:info] GET /get-hotel-price/171/September 200 OK (7ms)
[wrangler:info] GET /get-hotel-price/171/October 200 OK (8ms)
[wrangler:info] GET /get-hotel-price/171/November 200 OK (7ms)
[wrangler:info] GET /get-hotel-price/171/December 200 OK (9ms)
[wrangler:info] GET /get-hotels-by-city/9 200 OK (5ms)
[wrangler:info] GET /get-hotel-price/47/January 200 OK (7ms)
[wrangler:info] GET /get-hotel-price/47/February 200 OK (7ms)
[wrangler:info] GET /get-hotel-price/47/March 200 OK (8ms)
[wrangler:info] GET /get-hotel-price/47/April 200 OK (9ms)
[wrangler:info] GET /get-hotel-price/47/May 200 OK (10ms)
[wrangler:info] GET /get-hotel-price/47/June 200 OK (10ms)
[wrangler:info] GET /get-hotel-price/47/July 200 OK (8ms)
[wrangler:info] GET /get-hotel-price/47/August 200 OK (8ms)
[wrangler:info] GET /get-hotel-price/47/September 200 OK (7ms)
[wrangler:info] GET /get-hotel-price/47/October 200 OK (8ms)
[wrangler:info] GET /get-hotel-price/47/November 200 OK (12ms)
[wrangler:info] GET /get-hotel-price/47/December 200 OK (6ms)
[wrangler:info] GET /get-hotel-price/49/January 200 OK (8ms)
[wrangler:info] GET /get-hotel-price/49/February 200 OK (6ms)
[wrangler:info] GET /get-hotel-price/49/March 200 OK (7ms)
[wrangler:info] GET /get-hotel-price/49/April 200 OK (6ms)
[wrangler:info] GET /get-hotel-price/49/May 200 OK (10ms)
[wrangler:info] GET /get-hotel-price/49/June 200 OK (9ms)
[wrangler:info] GET /get-hotel-price/49/July 200 OK (8ms)
[wrangler:info] GET /get-hotel-price/49/August 200 OK (11ms)
[wrangler:info] GET /get-hotel-price/49/September 200 OK (8ms)
[wrangler:info] GET /get-hotel-price/49/October 200 OK (7ms)
[wrangler:info] GET /get-hotel-price/49/November 200 OK (7ms)
[wrangler:info] GET /get-hotel-price/49/December 200 OK (9ms)
[wrangler:info] GET /get-hotel-price/126/January 200 OK (7ms)
[wrangler:info] GET /get-hotel-price/126/February 200 OK (6ms)
[wrangler:info] GET /get-hotel-price/126/March 200 OK (9ms)
[wrangler:info] GET /get-hotel-price/126/April 200 OK (9ms)
[wrangler:info] GET /get-hotel-price/126/May 200 OK (9ms)
[wrangler:info] GET /get-hotel-price/126/June 200 OK (8ms)
[wrangler:info] GET /get-hotel-price/126/July 200 OK (9ms)
[wrangler:info] GET /get-hotel-price/126/August 200 OK (8ms)
[wrangler:info] GET /get-hotel-price/126/September 200 OK (9ms)
[wrangler:info] GET /get-hotel-price/126/October 200 OK (9ms)
[wrangler:info] GET /get-hotel-price/126/November 200 OK (8ms)
[wrangler:info] GET /get-hotel-price/126/December 200 OK (9ms)
[wrangler:info] GET /get-hotel-price/127/January 200 OK (9ms)
[wrangler:info] GET /get-hotel-price/127/February 200 OK (8ms)
[wrangler:info] GET /get-hotel-price/127/March 200 OK (8ms)
[wrangler:info] GET /get-hotel-price/127/April 200 OK (8ms)
[wrangler:info] GET /get-hotel-price/127/May 200 OK (8ms)
[wrangler:info] GET /get-hotel-price/127/June 200 OK (8ms)
[wrangler:info] GET /get-hotel-price/127/July 200 OK (7ms)
[wrangler:info] GET /get-hotel-price/127/August 200 OK (8ms)
[wrangler:info] GET /get-hotel-price/127/September 200 OK (9ms)
[wrangler:info] GET /get-hotel-price/127/October 200 OK (12ms)
[wrangler:info] GET /get-hotel-price/127/November 200 OK (9ms)
[wrangler:info] GET /get-hotel-price/127/December 200 OK (9ms)
[wrangler:info] GET /get-hotel-price/161/January 200 OK (12ms)
[wrangler:info] GET /get-hotel-price/161/February 200 OK (16ms)
[wrangler:info] GET /get-hotel-price/161/March 200 OK (7ms)
[wrangler:info] GET /get-hotel-price/161/April 200 OK (9ms)
[wrangler:info] GET /get-hotel-price/161/May 200 OK (11ms)
[wrangler:info] GET /get-hotel-price/161/June 200 OK (9ms)
[wrangler:info] GET /get-hotel-price/161/July 200 OK (9ms)
[wrangler:info] GET /get-hotel-price/161/August 200 OK (9ms)
[wrangler:info] GET /get-hotel-price/161/September 200 OK (10ms)
[wrangler:info] GET /get-hotel-price/161/October 200 OK (9ms)
[wrangler:info] GET /get-hotel-price/161/November 200 OK (10ms)
[wrangler:info] GET /get-hotel-price/161/December 200 OK (9ms)
[wrangler:info] GET /get-hotel-price/162/January 200 OK (8ms)
[wrangler:info] GET /get-hotel-price/162/February 200 OK (8ms)
[wrangler:info] GET /get-hotel-price/162/March 200 OK (9ms)
[wrangler:info] GET /get-hotel-price/162/April 200 OK (7ms)
[wrangler:info] GET /get-hotel-price/162/May 200 OK (8ms)
[wrangler:info] GET /get-hotel-price/162/June 200 OK (6ms)
[wrangler:info] GET /get-hotel-price/162/July 200 OK (8ms)
[wrangler:info] GET /get-hotel-price/162/August 200 OK (8ms)
[wrangler:info] GET /get-hotel-price/162/September 200 OK (8ms)
[wrangler:info] GET /get-hotel-price/162/October 200 OK (9ms)
[wrangler:info] GET /get-hotel-price/162/November 200 OK (10ms)
[wrangler:info] GET /get-hotel-price/162/December 200 OK (9ms)
[wrangler:info] GET /get-hotels-by-city/10 200 OK (8ms)
[wrangler:info] GET /get-hotel-price/52/January 200 OK (9ms)
[wrangler:info] GET /get-hotel-price/52/February 200 OK (9ms)
[wrangler:info] GET /get-hotel-price/52/March 200 OK (82ms)
[wrangler:info] GET /get-hotel-price/52/April 200 OK (8ms)
[wrangler:info] GET /get-hotel-price/52/May 200 OK (7ms)
[wrangler:info] GET /get-hotel-price/52/June 200 OK (8ms)
[wrangler:info] GET /get-hotel-price/52/July 200 OK (8ms)
[wrangler:info] GET /get-hotel-price/52/August 200 OK (10ms)
[wrangler:info] GET /get-hotel-price/52/September 200 OK (7ms)
[wrangler:info] GET /get-hotel-price/52/October 200 OK (9ms)
[wrangler:info] GET /get-hotel-price/52/November 200 OK (7ms)
[wrangler:info] GET /get-hotel-price/52/December 200 OK (9ms)
[wrangler:info] GET /get-hotel-price/64/January 200 OK (8ms)
[wrangler:info] GET /get-hotel-price/64/February 200 OK (7ms)
[wrangler:info] GET /get-hotel-price/64/March 200 OK (8ms)
[wrangler:info] GET /get-hotel-price/64/April 200 OK (8ms)
[wrangler:info] GET /get-hotel-price/64/May 200 OK (8ms)
[wrangler:info] GET /get-hotel-price/64/June 200 OK (8ms)
[wrangler:info] GET /get-hotel-price/64/July 200 OK (7ms)
[wrangler:info] GET /get-hotel-price/64/August 200 OK (10ms)
[wrangler:info] GET /get-hotel-price/64/September 200 OK (9ms)
[wrangler:info] GET /get-hotel-price/64/October 200 OK (9ms)
[wrangler:info] GET /get-hotel-price/64/November 200 OK (10ms)
[wrangler:info] GET /get-hotel-price/64/December 200 OK (9ms)
[wrangler:info] GET /get-hotel-price/65/January 200 OK (7ms)
[wrangler:info] GET /get-hotel-price/65/February 200 OK (7ms)
[wrangler:info] GET /get-hotel-price/65/March 200 OK (7ms)
[wrangler:info] GET /get-hotel-price/65/April 200 OK (8ms)
[wrangler:info] GET /get-hotel-price/65/May 200 OK (5ms)
[wrangler:info] GET /get-hotel-price/65/June 200 OK (8ms)
[wrangler:info] GET /get-hotel-price/65/July 200 OK (11ms)
[wrangler:info] GET /get-hotel-price/65/August 200 OK (8ms)
[wrangler:info] GET /get-hotel-price/65/September 200 OK (10ms)
[wrangler:info] GET /get-hotel-price/65/October 200 OK (9ms)
[wrangler:info] GET /get-hotel-price/65/November 200 OK (9ms)
[wrangler:info] GET /get-hotel-price/65/December 200 OK (7ms)
[wrangler:info] GET /get-hotel-price/249/January 200 OK (12ms)
[wrangler:info] GET /get-hotel-price/249/February 200 OK (13ms)
[wrangler:info] GET /get-hotel-price/249/March 200 OK (8ms)
[wrangler:info] GET /get-hotel-price/249/April 200 OK (10ms)
[wrangler:info] GET /get-hotel-price/249/May 200 OK (7ms)
[wrangler:info] GET /get-hotel-price/249/June 200 OK (10ms)
[wrangler:info] GET /get-hotel-price/249/July 200 OK (11ms)
[wrangler:info] GET /get-hotel-price/249/August 200 OK (11ms)
[wrangler:info] GET /get-hotel-price/249/September 200 OK (8ms)
[wrangler:info] GET /get-hotel-price/249/October 200 OK (8ms)
[wrangler:info] GET /get-hotel-price/249/November 200 OK (9ms)
[wrangler:info] GET /get-hotel-price/249/December 200 OK (9ms)
[wrangler:info] GET /get-hotels-by-city/11 200 OK (9ms)
[wrangler:info] GET /get-hotel-price/66/January 200 OK (7ms)
[wrangler:info] GET /get-hotel-price/66/February 200 OK (9ms)
[wrangler:info] GET /get-hotel-price/66/March 200 OK (9ms)
[wrangler:info] GET /get-hotel-price/66/April 200 OK (6ms)
[wrangler:info] GET /get-hotel-price/66/May 200 OK (6ms)
[wrangler:info] GET /get-hotel-price/66/June 200 OK (8ms)
[wrangler:info] GET /get-hotel-price/66/July 200 OK (8ms)
[wrangler:info] GET /get-hotel-price/66/August 200 OK (13ms)
[wrangler:info] GET /get-hotel-price/66/September 200 OK (13ms)
[wrangler:info] GET /get-hotel-price/66/October 200 OK (8ms)
[wrangler:info] GET /get-hotel-price/66/November 200 OK (7ms)
[wrangler:info] GET /get-hotel-price/66/December 200 OK (7ms)
[wrangler:info] GET /get-hotel-price/68/January 200 OK (6ms)
[wrangler:info] GET /get-hotel-price/68/February 200 OK (10ms)
[wrangler:info] GET /get-hotel-price/68/March 200 OK (12ms)
[wrangler:info] GET /get-hotel-price/68/April 200 OK (7ms)
[wrangler:info] GET /get-hotel-price/68/May 200 OK (7ms)
[wrangler:info] GET /get-hotel-price/68/June 200 OK (8ms)
[wrangler:info] GET /get-hotel-price/68/July 200 OK (10ms)
[wrangler:info] GET /get-hotel-price/68/August 200 OK (7ms)
[wrangler:info] GET /get-hotel-price/68/September 200 OK (10ms)
[wrangler:info] GET /get-hotel-price/68/October 200 OK (9ms)
[wrangler:info] GET /get-hotel-price/68/November 200 OK (23ms)
[wrangler:info] GET /get-hotel-price/68/December 200 OK (7ms)
[wrangler:info] GET /get-hotels-by-city/12 200 OK (9ms)
[wrangler:info] GET /get-hotel-price/53/January 200 OK (12ms)
[wrangler:info] GET /get-hotel-price/53/February 200 OK (8ms)
[wrangler:info] GET /get-hotel-price/53/March 200 OK (7ms)
[wrangler:info] GET /get-hotel-price/53/April 200 OK (9ms)
[wrangler:info] GET /get-hotel-price/53/May 200 OK (9ms)
[wrangler:info] GET /get-hotel-price/53/June 200 OK (8ms)
[wrangler:info] GET /get-hotel-price/53/July 200 OK (8ms)
[wrangler:info] GET /get-hotel-price/53/August 200 OK (9ms)
[wrangler:info] GET /get-hotel-price/53/September 200 OK (7ms)
[wrangler:info] GET /get-hotel-price/53/October 200 OK (6ms)
[wrangler:info] GET /get-hotel-price/53/November 200 OK (8ms)
[wrangler:info] GET /get-hotel-price/53/December 200 OK (8ms)
[wrangler:info] GET /get-hotel-price/54/January 200 OK (11ms)
[wrangler:info] GET /get-hotel-price/54/February 200 OK (7ms)
[wrangler:info] GET /get-hotel-price/54/March 200 OK (6ms)
[wrangler:info] GET /get-hotel-price/54/April 200 OK (8ms)
[wrangler:info] GET /get-hotel-price/54/May 200 OK (6ms)
[wrangler:info] GET /get-hotel-price/54/June 200 OK (7ms)
[wrangler:info] GET /get-hotel-price/54/July 200 OK (7ms)
[wrangler:info] GET /get-hotel-price/54/August 200 OK (9ms)
[wrangler:info] GET /get-hotel-price/54/September 200 OK (9ms)
[wrangler:info] GET /get-hotel-price/54/October 200 OK (8ms)
[wrangler:info] GET /get-hotel-price/54/November 200 OK (11ms)
[wrangler:info] GET /get-hotel-price/54/December 200 OK (8ms)
[wrangler:info] GET /get-hotel-price/55/January 200 OK (6ms)
[wrangler:info] GET /get-hotel-price/55/February 200 OK (8ms)
[wrangler:info] GET /get-hotel-price/55/March 200 OK (7ms)
[wrangler:info] GET /get-hotel-price/55/April 200 OK (8ms)
[wrangler:info] GET /get-hotel-price/55/May 200 OK (9ms)
[wrangler:info] GET /get-hotel-price/55/June 200 OK (10ms)
[wrangler:info] GET /get-hotel-price/55/July 200 OK (9ms)
[wrangler:info] GET /get-hotel-price/55/August 200 OK (7ms)
[wrangler:info] GET /get-hotel-price/55/September 200 OK (7ms)
[wrangler:info] GET /get-hotel-price/55/October 200 OK (9ms)
[wrangler:info] GET /get-hotel-price/55/November 200 OK (8ms)
[wrangler:info] GET /get-hotel-price/55/December 200 OK (10ms)
[wrangler:info] GET /get-hotel-price/56/January 200 OK (8ms)
[wrangler:info] GET /get-hotel-price/56/February 200 OK (7ms)
[wrangler:info] GET /get-hotel-price/56/March 200 OK (8ms)
[wrangler:info] GET /get-hotel-price/56/April 200 OK (11ms)
[wrangler:info] GET /get-hotel-price/56/May 200 OK (7ms)
[wrangler:info] GET /get-hotel-price/56/June 200 OK (9ms)
[wrangler:info] GET /get-hotel-price/56/July 200 OK (8ms)
[wrangler:info] GET /get-hotel-price/56/August 200 OK (10ms)
[wrangler:info] GET /get-hotel-price/56/September 200 OK (7ms)
[wrangler:info] GET /get-hotel-price/56/October 200 OK (9ms)
[wrangler:info] GET /get-hotel-price/56/November 200 OK (8ms)
[wrangler:info] GET /get-hotel-price/56/December 200 OK (7ms)
[wrangler:info] GET /get-hotel-price/57/January 200 OK (7ms)
[wrangler:info] GET /get-hotel-price/57/February 200 OK (6ms)
[wrangler:info] GET /get-hotel-price/57/March 200 OK (9ms)
[wrangler:info] GET /get-hotel-price/57/April 200 OK (6ms)
[wrangler:info] GET /get-hotel-price/57/May 200 OK (7ms)
[wrangler:info] GET /get-hotel-price/57/June 200 OK (9ms)
[wrangler:info] GET /get-hotel-price/57/July 200 OK (10ms)
[wrangler:info] GET /get-hotel-price/57/August 200 OK (5ms)
[wrangler:info] GET /get-hotel-price/57/September 200 OK (9ms)
[wrangler:info] GET /get-hotel-price/57/October 200 OK (8ms)
[wrangler:info] GET /get-hotel-price/57/November 200 OK (8ms)
[wrangler:info] GET /get-hotel-price/57/December 200 OK (9ms)
[wrangler:info] GET /get-hotel-price/58/January 200 OK (7ms)
[wrangler:info] GET /get-hotel-price/58/February 200 OK (7ms)
[wrangler:info] GET /get-hotel-price/58/March 200 OK (7ms)
[wrangler:info] GET /get-hotel-price/58/April 200 OK (6ms)
[wrangler:info] GET /get-hotel-price/58/May 200 OK (8ms)
[wrangler:info] GET /get-hotel-price/58/June 200 OK (9ms)
[wrangler:info] GET /get-hotel-price/58/July 200 OK (9ms)
[wrangler:info] GET /get-hotel-price/58/August 200 OK (8ms)
[wrangler:info] GET /get-hotel-price/58/September 200 OK (10ms)
[wrangler:info] GET /get-hotel-price/58/October 200 OK (8ms)
[wrangler:info] GET /get-hotel-price/58/November 200 OK (8ms)
[wrangler:info] GET /get-hotel-price/58/December 200 OK (7ms)
[wrangler:info] GET /get-hotel-price/155/January 200 OK (8ms)
[wrangler:info] GET /get-hotel-price/155/February 200 OK (7ms)
[wrangler:info] GET /get-hotel-price/155/March 200 OK (7ms)
[wrangler:info] GET /get-hotel-price/155/April 200 OK (9ms)
[wrangler:info] GET /get-hotel-price/155/May 200 OK (8ms)
[wrangler:info] GET /get-hotel-price/155/June 200 OK (8ms)
[wrangler:info] GET /get-hotel-price/155/July 200 OK (10ms)
[wrangler:info] GET /get-hotel-price/155/August 200 OK (9ms)
[wrangler:info] GET /get-hotel-price/155/September 200 OK (7ms)
[wrangler:info] GET /get-hotel-price/155/October 200 OK (10ms)
[wrangler:info] GET /get-hotel-price/155/November 200 OK (8ms)
[wrangler:info] GET /get-hotel-price/155/December 200 OK (10ms)
[wrangler:info] GET /get-hotel-price/234/January 200 OK (10ms)
[wrangler:info] GET /get-hotel-price/234/February 200 OK (8ms)
[wrangler:info] GET /get-hotel-price/234/March 200 OK (9ms)
[wrangler:info] GET /get-hotel-price/234/April 200 OK (11ms)
[wrangler:info] GET /get-hotel-price/234/May 200 OK (9ms)
[wrangler:info] GET /get-hotel-price/234/June 200 OK (8ms)
[wrangler:info] GET /get-hotel-price/234/July 200 OK (10ms)
[wrangler:info] GET /get-hotel-price/234/August 200 OK (10ms)
[wrangler:info] GET /get-hotel-price/234/September 200 OK (8ms)
[wrangler:info] GET /get-hotel-price/234/October 200 OK (10ms)
[wrangler:info] GET /get-hotel-price/234/November 200 OK (9ms)
[wrangler:info] GET /get-hotel-price/234/December 200 OK (7ms)
[wrangler:info] GET /get-hotel-price/236/January 200 OK (10ms)
[wrangler:info] GET /get-hotel-price/236/February 200 OK (7ms)
[wrangler:info] GET /get-hotel-price/236/March 200 OK (15ms)
[wrangler:info] GET /get-hotel-price/236/April 200 OK (9ms)
[wrangler:info] GET /get-hotel-price/236/May 200 OK (8ms)
[wrangler:info] GET /get-hotel-price/236/June 200 OK (6ms)
[wrangler:info] GET /get-hotel-price/236/July 200 OK (10ms)
[wrangler:info] GET /get-hotel-price/236/August 200 OK (28ms)
[wrangler:info] GET /get-hotel-price/236/September 200 OK (9ms)
[wrangler:info] GET /get-hotel-price/236/October 200 OK (9ms)
[wrangler:info] GET /get-hotel-price/236/November 200 OK (9ms)
[wrangler:info] GET /get-hotel-price/236/December 200 OK (8ms)
[wrangler:info] GET /get-hotels-by-city/13 200 OK (12ms)
[wrangler:info] GET /get-hotel-price/59/January 200 OK (8ms)
[wrangler:info] GET /get-hotel-price/59/February 200 OK (8ms)
[wrangler:info] GET /get-hotel-price/59/March 200 OK (6ms)
[wrangler:info] GET /get-hotel-price/59/April 200 OK (8ms)
[wrangler:info] GET /get-hotel-price/59/May 200 OK (12ms)
[wrangler:info] GET /get-hotel-price/59/June 200 OK (10ms)
[wrangler:info] GET /get-hotel-price/59/July 200 OK (10ms)
[wrangler:info] GET /get-hotel-price/59/August 200 OK (9ms)
[wrangler:info] GET /get-hotel-price/59/September 200 OK (8ms)
[wrangler:info] GET /get-hotel-price/59/October 200 OK (8ms)
[wrangler:info] GET /get-hotel-price/59/November 200 OK (10ms)
[wrangler:info] GET /get-hotel-price/59/December 200 OK (9ms)
[wrangler:info] GET /get-hotel-price/60/January 200 OK (12ms)
[wrangler:info] GET /get-hotel-price/60/February 200 OK (11ms)
[wrangler:info] GET /get-hotel-price/60/March 200 OK (10ms)
[wrangler:info] GET /get-hotel-price/60/April 200 OK (9ms)
[wrangler:info] GET /get-hotel-price/60/May 200 OK (10ms)
[wrangler:info] GET /get-hotel-price/60/June 200 OK (9ms)
[wrangler:info] GET /get-hotel-price/60/July 200 OK (11ms)
[wrangler:info] GET /get-hotel-price/60/August 200 OK (9ms)
[wrangler:info] GET /get-hotel-price/60/September 200 OK (8ms)
[wrangler:info] GET /get-hotel-price/60/October 200 OK (11ms)
[wrangler:info] GET /get-hotel-price/60/November 200 OK (9ms)
[wrangler:info] GET /get-hotel-price/60/December 200 OK (10ms)
[wrangler:info] GET /get-hotel-price/61/January 200 OK (10ms)
[wrangler:info] GET /get-hotel-price/61/February 200 OK (9ms)
[wrangler:info] GET /get-hotel-price/61/March 200 OK (9ms)
[wrangler:info] GET /get-hotel-price/61/April 200 OK (6ms)
[wrangler:info] GET /get-hotel-price/61/May 200 OK (10ms)
[wrangler:info] GET /get-hotel-price/61/June 200 OK (9ms)
[wrangler:info] GET /get-hotel-price/61/July 200 OK (9ms)
[wrangler:info] GET /get-hotel-price/61/August 200 OK (7ms)
[wrangler:info] GET /get-hotel-price/61/September 200 OK (7ms)
[wrangler:info] GET /get-hotel-price/61/October 200 OK (7ms)
[wrangler:info] GET /get-hotel-price/61/November 200 OK (6ms)
[wrangler:info] GET /get-hotel-price/61/December 200 OK (9ms)
[wrangler:info] GET /get-hotel-price/138/January 200 OK (9ms)
[wrangler:info] GET /get-hotel-price/138/February 200 OK (7ms)
[wrangler:info] GET /get-hotel-price/138/March 200 OK (10ms)
[wrangler:info] GET /get-hotel-price/138/April 200 OK (7ms)
[wrangler:info] GET /get-hotel-price/138/May 200 OK (6ms)
[wrangler:info] GET /get-hotel-price/138/June 200 OK (7ms)
[wrangler:info] GET /get-hotel-price/138/July 200 OK (6ms)
[wrangler:info] GET /get-hotel-price/138/August 200 OK (6ms)
[wrangler:info] GET /get-hotel-price/138/September 200 OK (8ms)
[wrangler:info] GET /get-hotel-price/138/October 200 OK (9ms)
[wrangler:info] GET /get-hotel-price/138/November 200 OK (6ms)
[wrangler:info] GET /get-hotel-price/138/December 200 OK (9ms)
[wrangler:info] GET /get-hotel-price/139/January 200 OK (8ms)
[wrangler:info] GET /get-hotel-price/139/February 200 OK (9ms)
[wrangler:info] GET /get-hotel-price/139/March 200 OK (8ms)
[wrangler:info] GET /get-hotel-price/139/April 200 OK (13ms)
[wrangler:info] GET /get-hotel-price/139/May 200 OK (7ms)
[wrangler:info] GET /get-hotel-price/139/June 200 OK (7ms)
[wrangler:info] GET /get-hotel-price/139/July 200 OK (9ms)
[wrangler:info] GET /get-hotel-price/139/August 200 OK (8ms)
[wrangler:info] GET /get-hotel-price/139/September 200 OK (9ms)
[wrangler:info] GET /get-hotel-price/139/October 200 OK (7ms)
[wrangler:info] GET /get-hotel-price/139/November 200 OK (8ms)
[wrangler:info] GET /get-hotel-price/139/December 200 OK (7ms)
[wrangler:info] GET /get-hotels-by-city/14 200 OK (10ms)
[wrangler:info] GET /get-hotel-price/69/January 200 OK (8ms)
[wrangler:info] GET /get-hotel-price/69/February 200 OK (7ms)
[wrangler:info] GET /get-hotel-price/69/March 200 OK (7ms)
[wrangler:info] GET /get-hotel-price/69/April 200 OK (11ms)
[wrangler:info] GET /get-hotel-price/69/May 200 OK (7ms)
[wrangler:info] GET /get-hotel-price/69/June 200 OK (7ms)
[wrangler:info] GET /get-hotel-price/69/July 200 OK (16ms)
[wrangler:info] GET /get-hotel-price/69/August 200 OK (9ms)
[wrangler:info] GET /get-hotel-price/69/September 200 OK (9ms)
[wrangler:info] GET /get-hotel-price/69/October 200 OK (12ms)
[wrangler:info] GET /get-hotel-price/69/November 200 OK (10ms)
[wrangler:info] GET /get-hotel-price/69/December 200 OK (8ms)
[wrangler:info] GET /get-hotels-by-city/15 200 OK (6ms)
[wrangler:info] GET /get-hotel-price/67/January 200 OK (7ms)
[wrangler:info] GET /get-hotel-price/67/February 200 OK (9ms)
[wrangler:info] GET /get-hotel-price/67/March 200 OK (11ms)
[wrangler:info] GET /get-hotel-price/67/April 200 OK (9ms)
[wrangler:info] GET /get-hotel-price/67/May 200 OK (8ms)
[wrangler:info] GET /get-hotel-price/67/June 200 OK (8ms)
[wrangler:info] GET /get-hotel-price/67/July 200 OK (8ms)
[wrangler:info] GET /get-hotel-price/67/August 200 OK (11ms)
[wrangler:info] GET /get-hotel-price/67/September 200 OK (9ms)
[wrangler:info] GET /get-hotel-price/67/October 200 OK (9ms)
[wrangler:info] GET /get-hotel-price/67/November 200 OK (9ms)
[wrangler:info] GET /get-hotel-price/67/December 200 OK (10ms)
[wrangler:info] GET /get-hotel-price/137/January 200 OK (8ms)
[wrangler:info] GET /get-hotel-price/137/February 200 OK (8ms)
[wrangler:info] GET /get-hotel-price/137/March 200 OK (10ms)
[wrangler:info] GET /get-hotel-price/137/April 200 OK (9ms)
[wrangler:info] GET /get-hotel-price/137/May 200 OK (9ms)
[wrangler:info] GET /get-hotel-price/137/June 200 OK (10ms)
[wrangler:info] GET /get-hotel-price/137/July 200 OK (10ms)
[wrangler:info] GET /get-hotel-price/137/August 200 OK (7ms)
[wrangler:info] GET /get-hotel-price/137/September 200 OK (7ms)
[wrangler:info] GET /get-hotel-price/137/October 200 OK (11ms)
[wrangler:info] GET /get-hotel-price/137/November 200 OK (7ms)
[wrangler:info] GET /get-hotel-price/137/December 200 OK (9ms)
[wrangler:info] GET /get-hotel-price/154/January 200 OK (9ms)
[wrangler:info] GET /get-hotel-price/154/February 200 OK (11ms)
[wrangler:info] GET /get-hotel-price/154/March 200 OK (10ms)
[wrangler:info] GET /get-hotel-price/154/April 200 OK (10ms)
[wrangler:info] GET /get-hotel-price/154/May 200 OK (9ms)
[wrangler:info] GET /get-hotel-price/154/June 200 OK (9ms)
[wrangler:info] GET /get-hotel-price/154/July 200 OK (10ms)
[wrangler:info] GET /get-hotel-price/154/August 200 OK (8ms)
[wrangler:info] GET /get-hotel-price/154/September 200 OK (9ms)
[wrangler:info] GET /get-hotel-price/154/October 200 OK (11ms)
[wrangler:info] GET /get-hotel-price/154/November 200 OK (11ms)
[wrangler:info] GET /get-hotel-price/154/December 200 OK (7ms)
[wrangler:info] GET /get-hotels-by-city/16 200 OK (10ms)
[wrangler:info] GET /get-hotel-price/70/January 200 OK (7ms)
[wrangler:info] GET /get-hotel-price/70/February 200 OK (14ms)
[wrangler:info] GET /get-hotel-price/70/March 200 OK (11ms)
[wrangler:info] GET /get-hotel-price/70/April 200 OK (11ms)
[wrangler:info] GET /get-hotel-price/70/May 200 OK (10ms)
[wrangler:info] GET /get-hotel-price/70/June 200 OK (8ms)
[wrangler:info] GET /get-hotel-price/70/July 200 OK (7ms)
[wrangler:info] GET /get-hotel-price/70/August 200 OK (9ms)
[wrangler:info] GET /get-hotel-price/70/September 200 OK (9ms)
[wrangler:info] GET /get-hotel-price/70/October 200 OK (11ms)
[wrangler:info] GET /get-hotel-price/70/November 200 OK (14ms)
[wrangler:info] GET /get-hotel-price/70/December 200 OK (9ms)
[wrangler:info] GET /get-hotel-price/72/January 200 OK (9ms)
[wrangler:info] GET /get-hotel-price/72/February 200 OK (9ms)
[wrangler:info] GET /get-hotel-price/72/March 200 OK (13ms)
[wrangler:info] GET /get-hotel-price/72/April 200 OK (9ms)
[wrangler:info] GET /get-hotel-price/72/May 200 OK (12ms)
[wrangler:info] GET /get-hotel-price/72/June 200 OK (9ms)
[wrangler:info] GET /get-hotel-price/72/July 200 OK (10ms)
[wrangler:info] GET /get-hotel-price/72/August 200 OK (10ms)
[wrangler:info] GET /get-hotel-price/72/September 200 OK (11ms)
[wrangler:info] GET /get-hotel-price/72/October 200 OK (9ms)
[wrangler:info] GET /get-hotel-price/72/November 200 OK (10ms)
[wrangler:info] GET /get-hotel-price/72/December 200 OK (9ms)
[wrangler:info] GET /get-hotel-price/73/January 200 OK (8ms)
[wrangler:info] GET /get-hotel-price/73/February 200 OK (8ms)
[wrangler:info] GET /get-hotel-price/73/March 200 OK (7ms)
[wrangler:info] GET /get-hotel-price/73/April 200 OK (9ms)
[wrangler:info] GET /get-hotel-price/73/May 200 OK (11ms)
[wrangler:info] GET /get-hotel-price/73/June 200 OK (7ms)
[wrangler:info] GET /get-hotel-price/73/July 200 OK (8ms)
[wrangler:info] GET /get-hotel-price/73/August 200 OK (9ms)
[wrangler:info] GET /get-hotel-price/73/September 200 OK (10ms)
[wrangler:info] GET /get-hotel-price/73/October 200 OK (9ms)
[wrangler:info] GET /get-hotel-price/73/November 200 OK (9ms)
[wrangler:info] GET /get-hotel-price/73/December 200 OK (9ms)
[wrangler:info] GET /get-hotel-price/283/January 200 OK (10ms)
[wrangler:info] GET /get-hotel-price/283/February 200 OK (9ms)
[wrangler:info] GET /get-hotel-price/283/March 200 OK (10ms)
[wrangler:info] GET /get-hotel-price/283/April 200 OK (9ms)
[wrangler:info] GET /get-hotel-price/283/May 200 OK (10ms)
[wrangler:info] GET /get-hotel-price/283/June 200 OK (17ms)
[wrangler:info] GET /get-hotel-price/283/July 200 OK (8ms)
[wrangler:info] GET /get-hotel-price/283/August 200 OK (10ms)
[wrangler:info] GET /get-hotel-price/283/September 200 OK (11ms)
[wrangler:info] GET /get-hotel-price/283/October 200 OK (11ms)
[wrangler:info] GET /get-hotel-price/283/November 200 OK (8ms)
[wrangler:info] GET /get-hotel-price/283/December 200 OK (11ms)
[wrangler:info] GET /get-hotel-price/307/January 200 OK (8ms)
[wrangler:info] GET /get-hotel-price/307/February 200 OK (8ms)
[wrangler:info] GET /get-hotel-price/307/March 200 OK (10ms)
[wrangler:info] GET /get-hotel-price/307/April 200 OK (8ms)
[wrangler:info] GET /get-hotel-price/307/May 200 OK (10ms)
[wrangler:info] GET /get-hotel-price/307/June 200 OK (10ms)
[wrangler:info] GET /get-hotel-price/307/July 200 OK (7ms)
[wrangler:info] GET /get-hotel-price/307/August 200 OK (10ms)
[wrangler:info] GET /get-hotel-price/307/September 200 OK (8ms)
[wrangler:info] GET /get-hotel-price/307/October 200 OK (10ms)
[wrangler:info] GET /get-hotel-price/307/November 200 OK (11ms)
[wrangler:info] GET /get-hotel-price/307/December 200 OK (8ms)
[wrangler:info] GET /get-hotel-price/386/January 200 OK (8ms)
[wrangler:info] GET /get-hotel-price/386/February 200 OK (7ms)
[wrangler:info] GET /get-hotel-price/386/March 200 OK (11ms)
[wrangler:info] GET /get-hotel-price/386/April 200 OK (9ms)
[wrangler:info] GET /get-hotel-price/386/May 200 OK (8ms)
[wrangler:info] GET /get-hotel-price/386/June 200 OK (21ms)
[wrangler:info] GET /get-hotel-price/386/July 200 OK (9ms)
[wrangler:info] GET /get-hotel-price/386/August 200 OK (12ms)
[wrangler:info] GET /get-hotel-price/386/September 200 OK (6ms)
[wrangler:info] GET /get-hotel-price/386/October 200 OK (9ms)
[wrangler:info] GET /get-hotel-price/386/November 200 OK (8ms)
[wrangler:info] GET /get-hotel-price/386/December 200 OK (9ms)
[wrangler:info] GET /get-hotels-by-city/17 200 OK (10ms)
[wrangler:info] GET /get-hotel-price/77/January 200 OK (9ms)
[wrangler:info] GET /get-hotel-price/77/February 200 OK (8ms)
[wrangler:info] GET /get-hotel-price/77/March 200 OK (12ms)
[wrangler:info] GET /get-hotel-price/77/April 200 OK (9ms)
[wrangler:info] GET /get-hotel-price/77/May 200 OK (9ms)
[wrangler:info] GET /get-hotel-price/77/June 200 OK (10ms)
[wrangler:info] GET /get-hotel-price/77/July 200 OK (7ms)
[wrangler:info] GET /get-hotel-price/77/August 200 OK (9ms)
[wrangler:info] GET /get-hotel-price/77/September 200 OK (9ms)
[wrangler:info] GET /get-hotel-price/77/October 200 OK (8ms)
[wrangler:info] GET /get-hotel-price/77/November 200 OK (8ms)
[wrangler:info] GET /get-hotel-price/77/December 200 OK (7ms)
[wrangler:info] GET /get-hotel-price/78/January 200 OK (9ms)
[wrangler:info] GET /get-hotel-price/78/February 200 OK (11ms)
[wrangler:info] GET /get-hotel-price/78/March 200 OK (10ms)
[wrangler:info] GET /get-hotel-price/78/April 200 OK (9ms)
[wrangler:info] GET /get-hotel-price/78/May 200 OK (9ms)
[wrangler:info] GET /get-hotel-price/78/June 200 OK (7ms)
[wrangler:info] GET /get-hotel-price/78/July 200 OK (6ms)
[wrangler:info] GET /get-hotel-price/78/August 200 OK (9ms)
[wrangler:info] GET /get-hotel-price/78/September 200 OK (7ms)
[wrangler:info] GET /get-hotel-price/78/October 200 OK (10ms)
[wrangler:info] GET /get-hotel-price/78/November 200 OK (10ms)
[wrangler:info] GET /get-hotel-price/78/December 200 OK (8ms)
[wrangler:info] GET /get-hotel-price/80/January 200 OK (9ms)
[wrangler:info] GET /get-hotel-price/80/February 200 OK (10ms)
[wrangler:info] GET /get-hotel-price/80/March 200 OK (11ms)
[wrangler:info] GET /get-hotel-price/80/April 200 OK (11ms)
[wrangler:info] GET /get-hotel-price/80/May 200 OK (27ms)
[wrangler:info] GET /get-hotel-price/80/June 200 OK (9ms)
[wrangler:info] GET /get-hotel-price/80/July 200 OK (9ms)
[wrangler:info] GET /get-hotel-price/80/August 200 OK (10ms)
[wrangler:info] GET /get-hotel-price/80/September 200 OK (11ms)
[wrangler:info] GET /get-hotel-price/80/October 200 OK (12ms)
[wrangler:info] GET /get-hotel-price/80/November 200 OK (6ms)
[wrangler:info] GET /get-hotel-price/80/December 200 OK (9ms)
[wrangler:info] GET /get-hotel-price/81/January 200 OK (12ms)
[wrangler:info] GET /get-hotel-price/81/February 200 OK (10ms)
[wrangler:info] GET /get-hotel-price/81/March 200 OK (11ms)
[wrangler:info] GET /get-hotel-price/81/April 200 OK (11ms)
[wrangler:info] GET /get-hotel-price/81/May 200 OK (10ms)
[wrangler:info] GET /get-hotel-price/81/June 200 OK (12ms)
[wrangler:info] GET /get-hotel-price/81/July 200 OK (9ms)
[wrangler:info] GET /get-hotel-price/81/August 200 OK (10ms)
[wrangler:info] GET /get-hotel-price/81/September 200 OK (10ms)
[wrangler:info] GET /get-hotel-price/81/October 200 OK (16ms)
[wrangler:info] GET /get-hotel-price/81/November 200 OK (6ms)
[wrangler:info] GET /get-hotel-price/81/December 200 OK (9ms)
[wrangler:info] GET /get-hotel-price/82/January 200 OK (9ms)
[wrangler:info] GET /get-hotel-price/82/February 200 OK (8ms)
[wrangler:info] GET /get-hotel-price/82/March 200 OK (9ms)
[wrangler:info] GET /get-hotel-price/82/April 200 OK (6ms)
[wrangler:info] GET /get-hotel-price/82/May 200 OK (8ms)
[wrangler:info] GET /get-hotel-price/82/June 200 OK (10ms)
[wrangler:info] GET /get-hotel-price/82/July 200 OK (9ms)
[wrangler:info] GET /get-hotel-price/82/August 200 OK (9ms)
[wrangler:info] GET /get-hotel-price/82/September 200 OK (6ms)
[wrangler:info] GET /get-hotel-price/82/October 200 OK (8ms)
[wrangler:info] GET /get-hotel-price/82/November 200 OK (7ms)
[wrangler:info] GET /get-hotel-price/82/December 200 OK (8ms)
[wrangler:info] GET /get-hotel-price/264/January 200 OK (8ms)
[wrangler:info] GET /get-hotel-price/264/February 200 OK (9ms)
[wrangler:info] GET /get-hotel-price/264/March 200 OK (12ms)
[wrangler:info] GET /get-hotel-price/264/April 200 OK (8ms)
[wrangler:info] GET /get-hotel-price/264/May 200 OK (11ms)
[wrangler:info] GET /get-hotel-price/264/June 200 OK (9ms)
[wrangler:info] GET /get-hotel-price/264/July 200 OK (9ms)
[wrangler:info] GET /get-hotel-price/264/August 200 OK (7ms)
[wrangler:info] GET /get-hotel-price/264/September 200 OK (9ms)
[wrangler:info] GET /get-hotel-price/264/October 200 OK (11ms)
[wrangler:info] GET /get-hotel-price/264/November 200 OK (11ms)
[wrangler:info] GET /get-hotel-price/264/December 200 OK (8ms)
[wrangler:info] GET /get-hotel-price/267/January 200 OK (9ms)
[wrangler:info] GET /get-hotel-price/267/February 200 OK (8ms)
[wrangler:info] GET /get-hotel-price/267/March 200 OK (7ms)
[wrangler:info] GET /get-hotel-price/267/April 200 OK (7ms)
[wrangler:info] GET /get-hotel-price/267/May 200 OK (10ms)
[wrangler:info] GET /get-hotel-price/267/June 200 OK (8ms)
[wrangler:info] GET /get-hotel-price/267/July 200 OK (7ms)
[wrangler:info] GET /get-hotel-price/267/August 200 OK (9ms)
[wrangler:info] GET /get-hotel-price/267/September 200 OK (9ms)
[wrangler:info] GET /get-hotel-price/267/October 200 OK (10ms)
[wrangler:info] GET /get-hotel-price/267/November 200 OK (8ms)
[wrangler:info] GET /get-hotel-price/267/December 200 OK (9ms)
[wrangler:info] GET /get-hotel-price/284/January 200 OK (10ms)
[wrangler:info] GET /get-hotel-price/284/February 200 OK (10ms)
[wrangler:info] GET /get-hotel-price/284/March 200 OK (9ms)
[wrangler:info] GET /get-hotel-price/284/April 200 OK (22ms)
[wrangler:info] GET /get-hotel-price/284/May 200 OK (11ms)
[wrangler:info] GET /get-hotel-price/284/June 200 OK (7ms)
[wrangler:info] GET /get-hotel-price/284/July 200 OK (9ms)
[wrangler:info] GET /get-hotel-price/284/August 200 OK (8ms)
[wrangler:info] GET /get-hotel-price/284/September 200 OK (9ms)
[wrangler:info] GET /get-hotel-price/284/October 200 OK (13ms)
[wrangler:info] GET /get-hotel-price/284/November 200 OK (10ms)
[wrangler:info] GET /get-hotel-price/284/December 200 OK (8ms)
[wrangler:info] GET /get-hotel-price/287/January 200 OK (12ms)
[wrangler:info] GET /get-hotel-price/287/February 200 OK (11ms)
[wrangler:info] GET /get-hotel-price/287/March 200 OK (14ms)
[wrangler:info] GET /get-hotel-price/287/April 200 OK (10ms)
[wrangler:info] GET /get-hotel-price/287/May 200 OK (12ms)
[wrangler:info] GET /get-hotel-price/287/June 200 OK (8ms)
[wrangler:info] GET /get-hotel-price/287/July 200 OK (11ms)
[wrangler:info] GET /get-hotel-price/287/August 200 OK (9ms)
[wrangler:info] GET /get-hotel-price/287/September 200 OK (9ms)
[wrangler:info] GET /get-hotel-price/287/October 200 OK (10ms)
[wrangler:info] GET /get-hotel-price/287/November 200 OK (10ms)
[wrangler:info] GET /get-hotel-price/287/December 200 OK (12ms)
[wrangler:info] GET /get-hotel-price/381/January 200 OK (9ms)
[wrangler:info] GET /get-hotel-price/381/February 200 OK (8ms)
[wrangler:info] GET /get-hotel-price/381/March 200 OK (7ms)
[wrangler:info] GET /get-hotel-price/381/April 200 OK (8ms)
[wrangler:info] GET /get-hotel-price/381/May 200 OK (8ms)
[wrangler:info] GET /get-hotel-price/381/June 200 OK (7ms)
[wrangler:info] GET /get-hotel-price/381/July 200 OK (8ms)
[wrangler:info] GET /get-hotel-price/381/August 200 OK (7ms)
[wrangler:info] GET /get-hotel-price/381/September 200 OK (9ms)
[wrangler:info] GET /get-hotel-price/381/October 200 OK (9ms)
[wrangler:info] GET /get-hotel-price/381/November 200 OK (8ms)
[wrangler:info] GET /get-hotel-price/381/December 200 OK (10ms)
[wrangler:info] GET /get-hotel-price/388/January 200 OK (7ms)
[wrangler:info] GET /get-hotel-price/388/February 200 OK (9ms)
[wrangler:info] GET /get-hotel-price/388/March 200 OK (12ms)
[wrangler:info] GET /get-hotel-price/388/April 200 OK (13ms)
[wrangler:info] GET /get-hotel-price/388/May 200 OK (10ms)
[wrangler:info] GET /get-hotel-price/388/June 200 OK (10ms)
[wrangler:info] GET /get-hotel-price/388/July 200 OK (9ms)
[wrangler:info] GET /get-hotel-price/388/August 200 OK (10ms)
[wrangler:info] GET /get-hotel-price/388/September 200 OK (8ms)
[wrangler:info] GET /get-hotel-price/388/October 200 OK (10ms)
[wrangler:info] GET /get-hotel-price/388/November 200 OK (8ms)
[wrangler:info] GET /get-hotel-price/388/December 200 OK (10ms)
[wrangler:info] GET /get-hotels-by-city/18 200 OK (8ms)
[wrangler:info] GET /get-hotel-price/84/January 200 OK (9ms)
[wrangler:info] GET /get-hotel-price/84/February 200 OK (7ms)
[wrangler:info] GET /get-hotel-price/84/March 200 OK (9ms)
[wrangler:info] GET /get-hotel-price/84/April 200 OK (5ms)
[wrangler:info] GET /get-hotel-price/84/May 200 OK (6ms)
[wrangler:info] GET /get-hotel-price/84/June 200 OK (35ms)
[wrangler:info] GET /get-hotel-price/84/July 200 OK (9ms)
[wrangler:info] GET /get-hotel-price/84/August 200 OK (10ms)
[wrangler:info] GET /get-hotel-price/84/September 200 OK (18ms)
[wrangler:info] GET /get-hotel-price/84/October 200 OK (9ms)
[wrangler:info] GET /get-hotel-price/84/November 200 OK (9ms)
[wrangler:info] GET /get-hotel-price/84/December 200 OK (10ms)
[wrangler:info] GET /get-hotel-price/88/January 200 OK (11ms)
[wrangler:info] GET /get-hotel-price/88/February 200 OK (9ms)
[wrangler:info] GET /get-hotel-price/88/March 200 OK (10ms)
[wrangler:info] GET /get-hotel-price/88/April 200 OK (10ms)
[wrangler:info] GET /get-hotel-price/88/May 200 OK (9ms)
[wrangler:info] GET /get-hotel-price/88/June 200 OK (8ms)
[wrangler:info] GET /get-hotel-price/88/July 200 OK (10ms)
[wrangler:info] GET /get-hotel-price/88/August 200 OK (10ms)
[wrangler:info] GET /get-hotel-price/88/September 200 OK (13ms)
[wrangler:info] GET /get-hotel-price/88/October 200 OK (13ms)
[wrangler:info] GET /get-hotel-price/88/November 200 OK (9ms)
[wrangler:info] GET /get-hotel-price/88/December 200 OK (9ms)
[wrangler:info] GET /get-hotel-price/90/January 200 OK (10ms)
[wrangler:info] GET /get-hotel-price/90/February 200 OK (7ms)
[wrangler:info] GET /get-hotel-price/90/March 200 OK (9ms)
[wrangler:info] GET /get-hotel-price/90/April 200 OK (10ms)
[wrangler:info] GET /get-hotel-price/90/May 200 OK (10ms)
[wrangler:info] GET /get-hotel-price/90/June 200 OK (9ms)
[wrangler:info] GET /get-hotel-price/90/July 200 OK (10ms)
[wrangler:info] GET /get-hotel-price/90/August 200 OK (9ms)
[wrangler:info] GET /get-hotel-price/90/September 200 OK (10ms)
[wrangler:info] GET /get-hotel-price/90/October 200 OK (15ms)
[wrangler:info] GET /get-hotel-price/90/November 200 OK (10ms)
[wrangler:info] GET /get-hotel-price/90/December 200 OK (9ms)
[wrangler:info] GET /get-hotel-price/289/January 200 OK (8ms)
[wrangler:info] GET /get-hotel-price/289/February 200 OK (9ms)
[wrangler:info] GET /get-hotel-price/289/March 200 OK (8ms)
[wrangler:info] GET /get-hotel-price/289/April 200 OK (9ms)
[wrangler:info] GET /get-hotel-price/289/May 200 OK (8ms)
[wrangler:info] GET /get-hotel-price/289/June 200 OK (8ms)
[wrangler:info] GET /get-hotel-price/289/July 200 OK (9ms)
[wrangler:info] GET /get-hotel-price/289/August 200 OK (12ms)
[wrangler:info] GET /get-hotel-price/289/September 200 OK (6ms)
[wrangler:info] GET /get-hotel-price/289/October 200 OK (7ms)
[wrangler:info] GET /get-hotel-price/289/November 200 OK (12ms)
[wrangler:info] GET /get-hotel-price/289/December 200 OK (9ms)
[wrangler:info] GET /get-hotel-price/291/January 200 OK (6ms)
[wrangler:info] GET /get-hotel-price/291/February 200 OK (7ms)
[wrangler:info] GET /get-hotel-price/291/March 200 OK (6ms)
[wrangler:info] GET /get-hotel-price/291/April 200 OK (13ms)
[wrangler:info] GET /get-hotel-price/291/May 200 OK (5ms)
[wrangler:info] GET /get-hotel-price/291/June 200 OK (10ms)
[wrangler:info] GET /get-hotel-price/291/July 200 OK (7ms)
[wrangler:info] GET /get-hotel-price/291/August 200 OK (7ms)
[wrangler:info] GET /get-hotel-price/291/September 200 OK (7ms)
[wrangler:info] GET /get-hotel-price/291/October 200 OK (6ms)
[wrangler:info] GET /get-hotel-price/291/November 200 OK (7ms)
[wrangler:info] GET /get-hotel-price/291/December 200 OK (7ms)
[wrangler:info] GET /get-hotel-price/292/January 200 OK (8ms)
[wrangler:info] GET /get-hotel-price/292/February 200 OK (8ms)
[wrangler:info] GET /get-hotel-price/292/March 200 OK (8ms)
[wrangler:info] GET /get-hotel-price/292/April 200 OK (7ms)
[wrangler:info] GET /get-hotel-price/292/May 200 OK (10ms)
[wrangler:info] GET /get-hotel-price/292/June 200 OK (6ms)
[wrangler:info] GET /get-hotel-price/292/July 200 OK (8ms)
[wrangler:info] GET /get-hotel-price/292/August 200 OK (9ms)
[wrangler:info] GET /get-hotel-price/292/September 200 OK (9ms)
[wrangler:info] GET /get-hotel-price/292/October 200 OK (8ms)
[wrangler:info] GET /get-hotel-price/292/November 200 OK (8ms)
[wrangler:info] GET /get-hotel-price/292/December 200 OK (8ms)
[wrangler:info] GET /get-hotel-price/293/January 200 OK (8ms)
[wrangler:info] GET /get-hotel-price/293/February 200 OK (9ms)
[wrangler:info] GET /get-hotel-price/293/March 200 OK (10ms)
[wrangler:info] GET /get-hotel-price/293/April 200 OK (9ms)
[wrangler:info] GET /get-hotel-price/293/May 200 OK (6ms)
[wrangler:info] GET /get-hotel-price/293/June 200 OK (8ms)
[wrangler:info] GET /get-hotel-price/293/July 200 OK (8ms)
[wrangler:info] GET /get-hotel-price/293/August 200 OK (8ms)
[wrangler:info] GET /get-hotel-price/293/September 200 OK (6ms)
[wrangler:info] GET /get-hotel-price/293/October 200 OK (7ms)
[wrangler:info] GET /get-hotel-price/293/November 200 OK (14ms)
[wrangler:info] GET /get-hotel-price/293/December 200 OK (10ms)
[wrangler:info] GET /get-hotel-price/294/January 200 OK (7ms)
[wrangler:info] GET /get-hotel-price/294/February 200 OK (8ms)
[wrangler:info] GET /get-hotel-price/294/March 200 OK (8ms)
[wrangler:info] GET /get-hotel-price/294/April 200 OK (7ms)
[wrangler:info] GET /get-hotel-price/294/May 200 OK (7ms)
[wrangler:info] GET /get-hotel-price/294/June 200 OK (6ms)
[wrangler:info] GET /get-hotel-price/294/July 200 OK (10ms)
[wrangler:info] GET /get-hotel-price/294/August 200 OK (10ms)
[wrangler:info] GET /get-hotel-price/294/September 200 OK (8ms)
[wrangler:info] GET /get-hotel-price/294/October 200 OK (14ms)
[wrangler:info] GET /get-hotel-price/294/November 200 OK (9ms)
[wrangler:info] GET /get-hotel-price/294/December 200 OK (9ms)
[wrangler:info] GET /get-hotels-by-city/19 200 OK (7ms)
[wrangler:info] GET /get-hotel-price/85/January 200 OK (8ms)
[wrangler:info] GET /get-hotel-price/85/February 200 OK (8ms)
[wrangler:info] GET /get-hotel-price/85/March 200 OK (7ms)
[wrangler:info] GET /get-hotel-price/85/April 200 OK (12ms)
[wrangler:info] GET /get-hotel-price/85/May 200 OK (9ms)
[wrangler:info] GET /get-hotel-price/85/June 200 OK (7ms)
[wrangler:info] GET /get-hotel-price/85/July 200 OK (9ms)
[wrangler:info] GET /get-hotel-price/85/August 200 OK (11ms)
[wrangler:info] GET /get-hotel-price/85/September 200 OK (9ms)
[wrangler:info] GET /get-hotel-price/85/October 200 OK (7ms)
[wrangler:info] GET /get-hotel-price/85/November 200 OK (10ms)
[wrangler:info] GET /get-hotel-price/85/December 200 OK (6ms)
[wrangler:info] GET /get-hotel-price/276/January 200 OK (6ms)
[wrangler:info] GET /get-hotel-price/276/February 200 OK (8ms)
[wrangler:info] GET /get-hotel-price/276/March 200 OK (8ms)
[wrangler:info] GET /get-hotel-price/276/April 200 OK (10ms)
[wrangler:info] GET /get-hotel-price/276/May 200 OK (8ms)
[wrangler:info] GET /get-hotel-price/276/June 200 OK (24ms)
[wrangler:info] GET /get-hotel-price/276/July 200 OK (8ms)
[wrangler:info] GET /get-hotel-price/276/August 200 OK (5ms)
[wrangler:info] GET /get-hotel-price/276/September 200 OK (7ms)
[wrangler:info] GET /get-hotel-price/276/October 200 OK (9ms)
[wrangler:info] GET /get-hotel-price/276/November 200 OK (8ms)
[wrangler:info] GET /get-hotel-price/276/December 200 OK (9ms)
[wrangler:info] GET /get-hotel-price/277/January 200 OK (10ms)
[wrangler:info] GET /get-hotel-price/277/February 200 OK (8ms)
[wrangler:info] GET /get-hotel-price/277/March 200 OK (9ms)
[wrangler:info] GET /get-hotel-price/277/April 200 OK (10ms)
[wrangler:info] GET /get-hotel-price/277/May 200 OK (11ms)
[wrangler:info] GET /get-hotel-price/277/June 200 OK (7ms)
[wrangler:info] GET /get-hotel-price/277/July 200 OK (10ms)
[wrangler:info] GET /get-hotel-price/277/August 200 OK (9ms)
[wrangler:info] GET /get-hotel-price/277/September 200 OK (12ms)
[wrangler:info] GET /get-hotel-price/277/October 200 OK (10ms)
[wrangler:info] GET /get-hotel-price/277/November 200 OK (10ms)
[wrangler:info] GET /get-hotel-price/277/December 200 OK (9ms)
[wrangler:info] GET /get-hotel-price/314/January 200 OK (9ms)
[wrangler:info] GET /get-hotel-price/314/February 200 OK (7ms)
[wrangler:info] GET /get-hotel-price/314/March 200 OK (9ms)
[wrangler:info] GET /get-hotel-price/314/April 200 OK (9ms)
[wrangler:info] GET /get-hotel-price/314/May 200 OK (10ms)
[wrangler:info] GET /get-hotel-price/314/June 200 OK (11ms)
[wrangler:info] GET /get-hotel-price/314/July 200 OK (8ms)
[wrangler:info] GET /get-hotel-price/314/August 200 OK (8ms)
[wrangler:info] GET /get-hotel-price/314/September 200 OK (10ms)
[wrangler:info] GET /get-hotel-price/314/October 200 OK (11ms)
[wrangler:info] GET /get-hotel-price/314/November 200 OK (10ms)
[wrangler:info] GET /get-hotel-price/314/December 200 OK (8ms)
[wrangler:info] GET /get-hotels-by-city/20 200 OK (8ms)
[wrangler:info] GET /get-hotel-price/86/January 200 OK (9ms)
[wrangler:info] GET /get-hotel-price/86/February 200 OK (6ms)
[wrangler:info] GET /get-hotel-price/86/March 200 OK (9ms)
[wrangler:info] GET /get-hotel-price/86/April 200 OK (10ms)
[wrangler:info] GET /get-hotel-price/86/May 200 OK (7ms)
[wrangler:info] GET /get-hotel-price/86/June 200 OK (10ms)
[wrangler:info] GET /get-hotel-price/86/July 200 OK (8ms)
[wrangler:info] GET /get-hotel-price/86/August 200 OK (19ms)
[wrangler:info] GET /get-hotel-price/86/September 200 OK (6ms)
[wrangler:info] GET /get-hotel-price/86/October 200 OK (9ms)
[wrangler:info] GET /get-hotel-price/86/November 200 OK (8ms)
[wrangler:info] GET /get-hotel-price/86/December 200 OK (10ms)
[wrangler:info] GET /get-hotels-by-city/21 200 OK (9ms)
[wrangler:info] GET /get-hotel-price/87/January 200 OK (10ms)
[wrangler:info] GET /get-hotel-price/87/February 200 OK (6ms)
[wrangler:info] GET /get-hotel-price/87/March 200 OK (11ms)
[wrangler:info] GET /get-hotel-price/87/April 200 OK (12ms)
[wrangler:info] GET /get-hotel-price/87/May 200 OK (12ms)
[wrangler:info] GET /get-hotel-price/87/June 200 OK (7ms)
[wrangler:info] GET /get-hotel-price/87/July 200 OK (6ms)
[wrangler:info] GET /get-hotel-price/87/August 200 OK (8ms)
[wrangler:info] GET /get-hotel-price/87/September 200 OK (7ms)
[wrangler:info] GET /get-hotel-price/87/October 200 OK (7ms)
[wrangler:info] GET /get-hotel-price/87/November 200 OK (8ms)
[wrangler:info] GET /get-hotel-price/87/December 200 OK (8ms)
[wrangler:info] GET /get-hotel-price/317/January 200 OK (6ms)
[wrangler:info] GET /get-hotel-price/317/February 200 OK (12ms)
[wrangler:info] GET /get-hotel-price/317/March 200 OK (13ms)
[wrangler:info] GET /get-hotel-price/317/April 200 OK (7ms)
[wrangler:info] GET /get-hotel-price/317/May 200 OK (6ms)
[wrangler:info] GET /get-hotel-price/317/June 200 OK (9ms)
[wrangler:info] GET /get-hotel-price/317/July 200 OK (9ms)
[wrangler:info] GET /get-hotel-price/317/August 200 OK (6ms)
[wrangler:info] GET /get-hotel-price/317/September 200 OK (8ms)
[wrangler:info] GET /get-hotel-price/317/October 200 OK (6ms)
[wrangler:info] GET /get-hotel-price/317/November 200 OK (9ms)
[wrangler:info] GET /get-hotel-price/317/December 200 OK (7ms)
[wrangler:info] GET /get-hotel-price/374/January 200 OK (8ms)
[wrangler:info] GET /get-hotel-price/374/February 200 OK (8ms)
[wrangler:info] GET /get-hotel-price/374/March 200 OK (11ms)
[wrangler:info] GET /get-hotel-price/374/April 200 OK (9ms)
[wrangler:info] GET /get-hotel-price/374/May 200 OK (8ms)
[wrangler:info] GET /get-hotel-price/374/June 200 OK (24ms)
[wrangler:info] GET /get-hotel-price/374/July 200 OK (7ms)
[wrangler:info] GET /get-hotel-price/374/August 200 OK (9ms)
[wrangler:info] GET /get-hotel-price/374/September 200 OK (6ms)
[wrangler:info] GET /get-hotel-price/374/October 200 OK (10ms)
[wrangler:info] GET /get-hotel-price/374/November 200 OK (8ms)
[wrangler:info] GET /get-hotel-price/374/December 200 OK (11ms)
[wrangler:info] GET /get-hotels-by-city/22 200 OK (7ms)
[wrangler:info] GET /get-hotel-price/89/January 200 OK (9ms)
[wrangler:info] GET /get-hotel-price/89/February 200 OK (10ms)
[wrangler:info] GET /get-hotel-price/89/March 200 OK (9ms)
[wrangler:info] GET /get-hotel-price/89/April 200 OK (11ms)
[wrangler:info] GET /get-hotel-price/89/May 200 OK (8ms)
[wrangler:info] GET /get-hotel-price/89/June 200 OK (10ms)
[wrangler:info] GET /get-hotel-price/89/July 200 OK (9ms)
[wrangler:info] GET /get-hotel-price/89/August 200 OK (8ms)
[wrangler:info] GET /get-hotel-price/89/September 200 OK (8ms)
[wrangler:info] GET /get-hotel-price/89/October 200 OK (7ms)
[wrangler:info] GET /get-hotel-price/89/November 200 OK (9ms)
[wrangler:info] GET /get-hotel-price/89/December 200 OK (9ms)
[wrangler:info] GET /get-hotels-by-city/23 200 OK (7ms)
[wrangler:info] GET /get-hotel-price/91/January 200 OK (10ms)
[wrangler:info] GET /get-hotel-price/91/February 200 OK (9ms)
[wrangler:info] GET /get-hotel-price/91/March 200 OK (7ms)
[wrangler:info] GET /get-hotel-price/91/April 200 OK (9ms)
[wrangler:info] GET /get-hotel-price/91/May 200 OK (14ms)
[wrangler:info] GET /get-hotel-price/91/June 200 OK (8ms)
[wrangler:info] GET /get-hotel-price/91/July 200 OK (10ms)
[wrangler:info] GET /get-hotel-price/91/August 200 OK (11ms)
[wrangler:info] GET /get-hotel-price/91/September 200 OK (6ms)
[wrangler:info] GET /get-hotel-price/91/October 200 OK (10ms)
[wrangler:info] GET /get-hotel-price/91/November 200 OK (7ms)
[wrangler:info] GET /get-hotel-price/91/December 200 OK (7ms)
[wrangler:info] GET /get-hotels-by-city/24 200 OK (8ms)
[wrangler:info] GET /get-hotel-price/92/January 200 OK (8ms)
[wrangler:info] GET /get-hotel-price/92/February 200 OK (7ms)
[wrangler:info] GET /get-hotel-price/92/March 200 OK (7ms)
[wrangler:info] GET /get-hotel-price/92/April 200 OK (6ms)
[wrangler:info] GET /get-hotel-price/92/May 200 OK (9ms)
[wrangler:info] GET /get-hotel-price/92/June 200 OK (9ms)
[wrangler:info] GET /get-hotel-price/92/July 200 OK (8ms)
[wrangler:info] GET /get-hotel-price/92/August 200 OK (6ms)
[wrangler:info] GET /get-hotel-price/92/September 200 OK (9ms)
[wrangler:info] GET /get-hotel-price/92/October 200 OK (9ms)
[wrangler:info] GET /get-hotel-price/92/November 200 OK (9ms)
[wrangler:info] GET /get-hotel-price/92/December 200 OK (12ms)
[wrangler:info] GET /get-hotel-price/93/January 200 OK (8ms)
[wrangler:info] GET /get-hotel-price/93/February 200 OK (7ms)
[wrangler:info] GET /get-hotel-price/93/March 200 OK (9ms)
[wrangler:info] GET /get-hotel-price/93/April 200 OK (12ms)
[wrangler:info] GET /get-hotel-price/93/May 200 OK (9ms)
[wrangler:info] GET /get-hotel-price/93/June 200 OK (10ms)
[wrangler:info] GET /get-hotel-price/93/July 200 OK (14ms)
[wrangler:info] GET /get-hotel-price/93/August 200 OK (10ms)
[wrangler:info] GET /get-hotel-price/93/September 200 OK (7ms)
[wrangler:info] GET /get-hotel-price/93/October 200 OK (18ms)
[wrangler:info] GET /get-hotel-price/93/November 200 OK (10ms)
[wrangler:info] GET /get-hotel-price/93/December 200 OK (12ms)
[wrangler:info] GET /get-hotel-price/315/January 200 OK (6ms)
[wrangler:info] GET /get-hotel-price/315/February 200 OK (8ms)
[wrangler:info] GET /get-hotel-price/315/March 200 OK (9ms)
[wrangler:info] GET /get-hotel-price/315/April 200 OK (8ms)
[wrangler:info] GET /get-hotel-price/315/May 200 OK (38ms)
[wrangler:info] GET /get-hotel-price/315/June 200 OK (10ms)
[wrangler:info] GET /get-hotel-price/315/July 200 OK (9ms)
[wrangler:info] GET /get-hotel-price/315/August 200 OK (6ms)
[wrangler:info] GET /get-hotel-price/315/September 200 OK (8ms)
[wrangler:info] GET /get-hotel-price/315/October 200 OK (10ms)
[wrangler:info] GET /get-hotel-price/315/November 200 OK (7ms)
[wrangler:info] GET /get-hotel-price/315/December 200 OK (7ms)
[wrangler:info] GET /get-hotels-by-city/25 200 OK (6ms)
[wrangler:info] GET /get-hotel-price/95/January 200 OK (8ms)
[wrangler:info] GET /get-hotel-price/95/February 200 OK (7ms)
[wrangler:info] GET /get-hotel-price/95/March 200 OK (8ms)
[wrangler:info] GET /get-hotel-price/95/April 200 OK (6ms)
[wrangler:info] GET /get-hotel-price/95/May 200 OK (13ms)
[wrangler:info] GET /get-hotel-price/95/June 200 OK (9ms)
[wrangler:info] GET /get-hotel-price/95/July 200 OK (8ms)
[wrangler:info] GET /get-hotel-price/95/August 200 OK (7ms)
[wrangler:info] GET /get-hotel-price/95/September 200 OK (6ms)
[wrangler:info] GET /get-hotel-price/95/October 200 OK (6ms)
[wrangler:info] GET /get-hotel-price/95/November 200 OK (7ms)
[wrangler:info] GET /get-hotel-price/95/December 200 OK (7ms)
[wrangler:info] GET /get-hotel-price/278/January 200 OK (8ms)
[wrangler:info] GET /get-hotel-price/278/February 200 OK (8ms)
[wrangler:info] GET /get-hotel-price/278/March 200 OK (13ms)
[wrangler:info] GET /get-hotel-price/278/April 200 OK (8ms)
[wrangler:info] GET /get-hotel-price/278/May 200 OK (9ms)
[wrangler:info] GET /get-hotel-price/278/June 200 OK (7ms)
[wrangler:info] GET /get-hotel-price/278/July 200 OK (9ms)
[wrangler:info] GET /get-hotel-price/278/August 200 OK (10ms)
[wrangler:info] GET /get-hotel-price/278/September 200 OK (9ms)
[wrangler:info] GET /get-hotel-price/278/October 200 OK (7ms)
[wrangler:info] GET /get-hotel-price/278/November 200 OK (8ms)
[wrangler:info] GET /get-hotel-price/278/December 200 OK (7ms)
[wrangler:info] GET /get-hotel-price/279/January 200 OK (10ms)
[wrangler:info] GET /get-hotel-price/279/February 200 OK (6ms)
[wrangler:info] GET /get-hotel-price/279/March 200 OK (8ms)
[wrangler:info] GET /get-hotel-price/279/April 200 OK (7ms)
[wrangler:info] GET /get-hotel-price/279/May 200 OK (9ms)
[wrangler:info] GET /get-hotel-price/279/June 200 OK (8ms)
[wrangler:info] GET /get-hotel-price/279/July 200 OK (8ms)
[wrangler:info] GET /get-hotel-price/279/August 200 OK (7ms)
[wrangler:info] GET /get-hotel-price/279/September 200 OK (6ms)
[wrangler:info] GET /get-hotel-price/279/October 200 OK (9ms)
[wrangler:info] GET /get-hotel-price/279/November 200 OK (10ms)
[wrangler:info] GET /get-hotel-price/279/December 200 OK (8ms)
[wrangler:info] GET /get-hotel-price/318/January 200 OK (6ms)
[wrangler:info] GET /get-hotel-price/318/February 200 OK (8ms)
[wrangler:info] GET /get-hotel-price/318/March 200 OK (7ms)
[wrangler:info] GET /get-hotel-price/318/April 200 OK (9ms)
[wrangler:info] GET /get-hotel-price/318/May 200 OK (8ms)
[wrangler:info] GET /get-hotel-price/318/June 200 OK (9ms)
[wrangler:info] GET /get-hotel-price/318/July 200 OK (10ms)
[wrangler:info] GET /get-hotel-price/318/August 200 OK (8ms)
[wrangler:info] GET /get-hotel-price/318/September 200 OK (9ms)
[wrangler:info] GET /get-hotel-price/318/October 200 OK (7ms)
[wrangler:info] GET /get-hotel-price/318/November 200 OK (7ms)
[wrangler:info] GET /get-hotel-price/318/December 200 OK (7ms)
[wrangler:info] GET /get-hotel-price/383/January 200 OK (6ms)
[wrangler:info] GET /get-hotel-price/383/February 200 OK (9ms)
[wrangler:info] GET /get-hotel-price/383/March 200 OK (6ms)
[wrangler:info] GET /get-hotel-price/383/April 200 OK (7ms)
[wrangler:info] GET /get-hotel-price/383/May 200 OK (7ms)
[wrangler:info] GET /get-hotel-price/383/June 200 OK (9ms)
[wrangler:info] GET /get-hotel-price/383/July 200 OK (10ms)
[wrangler:info] GET /get-hotel-price/383/August 200 OK (8ms)
[wrangler:info] GET /get-hotel-price/383/September 200 OK (8ms)
[wrangler:info] GET /get-hotel-price/383/October 200 OK (7ms)
[wrangler:info] GET /get-hotel-price/383/November 200 OK (12ms)
[wrangler:info] GET /get-hotel-price/383/December 200 OK (6ms)
[wrangler:info] GET /get-hotels-by-city/26 200 OK (10ms)
[wrangler:info] GET /get-hotel-price/96/January 200 OK (8ms)
[wrangler:info] GET /get-hotel-price/96/February 200 OK (7ms)
[wrangler:info] GET /get-hotel-price/96/March 200 OK (9ms)
[wrangler:info] GET /get-hotel-price/96/April 200 OK (11ms)
[wrangler:info] GET /get-hotel-price/96/May 200 OK (7ms)
[wrangler:info] GET /get-hotel-price/96/June 200 OK (7ms)
[wrangler:info] GET /get-hotel-price/96/July 200 OK (9ms)
[wrangler:info] GET /get-hotel-price/96/August 200 OK (8ms)
[wrangler:info] GET /get-hotel-price/96/September 200 OK (8ms)
[wrangler:info] GET /get-hotel-price/96/October 200 OK (7ms)
[wrangler:info] GET /get-hotel-price/96/November 200 OK (8ms)
[wrangler:info] GET /get-hotel-price/96/December 200 OK (6ms)
[wrangler:info] GET /get-hotel-price/99/January 200 OK (6ms)
[wrangler:info] GET /get-hotel-price/99/February 200 OK (12ms)
[wrangler:info] GET /get-hotel-price/99/March 200 OK (7ms)
[wrangler:info] GET /get-hotel-price/99/April 200 OK (8ms)
[wrangler:info] GET /get-hotel-price/99/May 200 OK (7ms)
[wrangler:info] GET /get-hotel-price/99/June 200 OK (7ms)
[wrangler:info] GET /get-hotel-price/99/July 200 OK (7ms)
[wrangler:info] GET /get-hotel-price/99/August 200 OK (9ms)
[wrangler:info] GET /get-hotel-price/99/September 200 OK (8ms)
[wrangler:info] GET /get-hotel-price/99/October 200 OK (7ms)
[wrangler:info] GET /get-hotel-price/99/November 200 OK (6ms)
[wrangler:info] GET /get-hotel-price/99/December 200 OK (9ms)
[wrangler:info] GET /get-hotel-price/101/January 200 OK (10ms)
[wrangler:info] GET /get-hotel-price/101/February 200 OK (7ms)
[wrangler:info] GET /get-hotel-price/101/March 200 OK (14ms)
[wrangler:info] GET /get-hotel-price/101/April 200 OK (7ms)
[wrangler:info] GET /get-hotel-price/101/May 200 OK (7ms)
[wrangler:info] GET /get-hotel-price/101/June 200 OK (7ms)
[wrangler:info] GET /get-hotel-price/101/July 200 OK (7ms)
[wrangler:info] GET /get-hotel-price/101/August 200 OK (9ms)
[wrangler:info] GET /get-hotel-price/101/September 200 OK (10ms)
[wrangler:info] GET /get-hotel-price/101/October 200 OK (8ms)
[wrangler:info] GET /get-hotel-price/101/November 200 OK (8ms)
[wrangler:info] GET /get-hotel-price/101/December 200 OK (9ms)
[wrangler:info] GET /get-hotel-price/102/January 200 OK (8ms)
[wrangler:info] GET /get-hotel-price/102/February 200 OK (9ms)
[wrangler:info] GET /get-hotel-price/102/March 200 OK (8ms)
[wrangler:info] GET /get-hotel-price/102/April 200 OK (9ms)
[wrangler:info] GET /get-hotel-price/102/May 200 OK (7ms)
[wrangler:info] GET /get-hotel-price/102/June 200 OK (8ms)
[wrangler:info] GET /get-hotel-price/102/July 200 OK (8ms)
[wrangler:info] GET /get-hotel-price/102/August 200 OK (7ms)
[wrangler:info] GET /get-hotel-price/102/September 200 OK (9ms)
[wrangler:info] GET /get-hotel-price/102/October 200 OK (9ms)
[wrangler:info] GET /get-hotel-price/102/November 200 OK (8ms)
[wrangler:info] GET /get-hotel-price/102/December 200 OK (8ms)
[wrangler:info] GET /get-hotel-price/105/January 200 OK (7ms)
[wrangler:info] GET /get-hotel-price/105/February 200 OK (7ms)
[wrangler:info] GET /get-hotel-price/105/March 200 OK (6ms)
[wrangler:info] GET /get-hotel-price/105/April 200 OK (7ms)
[wrangler:info] GET /get-hotel-price/105/May 200 OK (10ms)
[wrangler:info] GET /get-hotel-price/105/June 200 OK (7ms)
[wrangler:info] GET /get-hotel-price/105/July 200 OK (8ms)
[wrangler:info] GET /get-hotel-price/105/August 200 OK (7ms)
[wrangler:info] GET /get-hotel-price/105/September 200 OK (10ms)
[wrangler:info] GET /get-hotel-price/105/October 200 OK (10ms)
[wrangler:info] GET /get-hotel-price/105/November 200 OK (9ms)
[wrangler:info] GET /get-hotel-price/105/December 200 OK (9ms)
[wrangler:info] GET /get-hotel-price/106/January 200 OK (6ms)
[wrangler:info] GET /get-hotel-price/106/February 200 OK (7ms)
[wrangler:info] GET /get-hotel-price/106/March 200 OK (8ms)
[wrangler:info] GET /get-hotel-price/106/April 200 OK (8ms)
[wrangler:info] GET /get-hotel-price/106/May 200 OK (10ms)
[wrangler:info] GET /get-hotel-price/106/June 200 OK (10ms)
[wrangler:info] GET /get-hotel-price/106/July 200 OK (9ms)
[wrangler:info] GET /get-hotel-price/106/August 200 OK (8ms)
[wrangler:info] GET /get-hotel-price/106/September 200 OK (7ms)
[wrangler:info] GET /get-hotel-price/106/October 200 OK (8ms)
[wrangler:info] GET /get-hotel-price/106/November 200 OK (8ms)
[wrangler:info] GET /get-hotel-price/106/December 200 OK (10ms)
[wrangler:info] GET /get-hotel-price/109/January 200 OK (8ms)
[wrangler:info] GET /get-hotel-price/109/February 200 OK (6ms)
[wrangler:info] GET /get-hotel-price/109/March 200 OK (8ms)
[wrangler:info] GET /get-hotel-price/109/April 200 OK (8ms)
[wrangler:info] GET /get-hotel-price/109/May 200 OK (9ms)
[wrangler:info] GET /get-hotel-price/109/June 200 OK (9ms)
[wrangler:info] GET /get-hotel-price/109/July 200 OK (9ms)
[wrangler:info] GET /get-hotel-price/109/August 200 OK (12ms)
[wrangler:info] GET /get-hotel-price/109/September 200 OK (8ms)
[wrangler:info] GET /get-hotel-price/109/October 200 OK (7ms)
[wrangler:info] GET /get-hotel-price/109/November 200 OK (7ms)
[wrangler:info] GET /get-hotel-price/109/December 200 OK (7ms)
[wrangler:info] GET /get-hotel-price/111/January 200 OK (10ms)
[wrangler:info] GET /get-hotel-price/111/February 200 OK (7ms)
[wrangler:info] GET /get-hotel-price/111/March 200 OK (8ms)
[wrangler:info] GET /get-hotel-price/111/April 200 OK (7ms)
[wrangler:info] GET /get-hotel-price/111/May 200 OK (10ms)
[wrangler:info] GET /get-hotel-price/111/June 200 OK (9ms)
[wrangler:info] GET /get-hotel-price/111/July 200 OK (8ms)
[wrangler:info] GET /get-hotel-price/111/August 200 OK (9ms)
[wrangler:info] GET /get-hotel-price/111/September 200 OK (7ms)
[wrangler:info] GET /get-hotel-price/111/October 200 OK (11ms)
[wrangler:info] GET /get-hotel-price/111/November 200 OK (9ms)
[wrangler:info] GET /get-hotel-price/111/December 200 OK (9ms)
[wrangler:info] GET /get-hotel-price/271/January 200 OK (7ms)
[wrangler:info] GET /get-hotel-price/271/February 200 OK (8ms)
[wrangler:info] GET /get-hotel-price/271/March 200 OK (9ms)
[wrangler:info] GET /get-hotel-price/271/April 200 OK (9ms)
[wrangler:info] GET /get-hotel-price/271/May 200 OK (8ms)
[wrangler:info] GET /get-hotel-price/271/June 200 OK (9ms)
[wrangler:info] GET /get-hotel-price/271/July 200 OK (10ms)
[wrangler:info] GET /get-hotel-price/271/August 200 OK (10ms)
[wrangler:info] GET /get-hotel-price/271/September 200 OK (7ms)
[wrangler:info] GET /get-hotel-price/271/October 200 OK (7ms)
[wrangler:info] GET /get-hotel-price/271/November 200 OK (6ms)
[wrangler:info] GET /get-hotel-price/271/December 200 OK (7ms)
[wrangler:info] GET /get-hotel-price/272/January 200 OK (9ms)
[wrangler:info] GET /get-hotel-price/272/February 200 OK (7ms)
[wrangler:info] GET /get-hotel-price/272/March 200 OK (10ms)
[wrangler:info] GET /get-hotel-price/272/April 200 OK (9ms)
[wrangler:info] GET /get-hotel-price/272/May 200 OK (8ms)
[wrangler:info] GET /get-hotel-price/272/June 200 OK (6ms)
[wrangler:info] GET /get-hotel-price/272/July 200 OK (9ms)
[wrangler:info] GET /get-hotel-price/272/August 200 OK (6ms)
[wrangler:info] GET /get-hotel-price/272/September 200 OK (6ms)
[wrangler:info] GET /get-hotel-price/272/October 200 OK (15ms)
[wrangler:info] GET /get-hotel-price/272/November 200 OK (8ms)
[wrangler:info] GET /get-hotel-price/272/December 200 OK (8ms)
[wrangler:info] GET /get-hotel-price/273/January 200 OK (8ms)
[wrangler:info] GET /get-hotel-price/273/February 200 OK (8ms)
[wrangler:info] GET /get-hotel-price/273/March 200 OK (9ms)
[wrangler:info] GET /get-hotel-price/273/April 200 OK (9ms)
[wrangler:info] GET /get-hotel-price/273/May 200 OK (16ms)
[wrangler:info] GET /get-hotel-price/273/June 200 OK (9ms)
[wrangler:info] GET /get-hotel-price/273/July 200 OK (7ms)
[wrangler:info] GET /get-hotel-price/273/August 200 OK (29ms)
[wrangler:info] GET /get-hotel-price/273/September 200 OK (7ms)
[wrangler:info] GET /get-hotel-price/273/October 200 OK (9ms)
[wrangler:info] GET /get-hotel-price/273/November 200 OK (6ms)
[wrangler:info] GET /get-hotel-price/273/December 200 OK (8ms)
[wrangler:info] GET /get-hotel-price/274/January 200 OK (8ms)
[wrangler:info] GET /get-hotel-price/274/February 200 OK (10ms)
[wrangler:info] GET /get-hotel-price/274/March 200 OK (11ms)
[wrangler:info] GET /get-hotel-price/274/April 200 OK (7ms)
[wrangler:info] GET /get-hotel-price/274/May 200 OK (423ms)
[wrangler:info] GET /get-hotel-price/274/June 200 OK (7ms)
[wrangler:info] GET /get-hotel-price/274/July 200 OK (7ms)
[wrangler:info] GET /get-hotel-price/274/August 200 OK (6ms)
[wrangler:info] GET /get-hotel-price/274/September 200 OK (11ms)
[wrangler:info] GET /get-hotel-price/274/October 200 OK (8ms)
[wrangler:info] GET /get-hotel-price/274/November 200 OK (7ms)
[wrangler:info] GET /get-hotel-price/274/December 200 OK (7ms)
[wrangler:info] GET /get-hotel-price/311/January 200 OK (8ms)
[wrangler:info] GET /get-hotel-price/311/February 200 OK (7ms)
[wrangler:info] GET /get-hotel-price/311/March 200 OK (7ms)
[wrangler:info] GET /get-hotel-price/311/April 200 OK (8ms)
[wrangler:info] GET /get-hotel-price/311/May 200 OK (6ms)
[wrangler:info] GET /get-hotel-price/311/June 200 OK (7ms)
[wrangler:info] GET /get-hotel-price/311/July 200 OK (6ms)
[wrangler:info] GET /get-hotel-price/311/August 200 OK (10ms)
[wrangler:info] GET /get-hotel-price/311/September 200 OK (6ms)
[wrangler:info] GET /get-hotel-price/311/October 200 OK (8ms)
[wrangler:info] GET /get-hotel-price/311/November 200 OK (6ms)
[wrangler:info] GET /get-hotel-price/311/December 200 OK (12ms)
[wrangler:info] GET /get-hotel-price/312/January 200 OK (7ms)
[wrangler:info] GET /get-hotel-price/312/February 200 OK (8ms)
[wrangler:info] GET /get-hotel-price/312/March 200 OK (9ms)
[wrangler:info] GET /get-hotel-price/312/April 200 OK (9ms)
[wrangler:info] GET /get-hotel-price/312/May 200 OK (10ms)
[wrangler:info] GET /get-hotel-price/312/June 200 OK (10ms)
[wrangler:info] GET /get-hotel-price/312/July 200 OK (9ms)
[wrangler:info] GET /get-hotel-price/312/August 200 OK (8ms)
[wrangler:info] GET /get-hotel-price/312/September 200 OK (7ms)
[wrangler:info] GET /get-hotel-price/312/October 200 OK (8ms)
[wrangler:info] GET /get-hotel-price/312/November 200 OK (9ms)
[wrangler:info] GET /get-hotel-price/312/December 200 OK (9ms)
[wrangler:info] GET /get-hotel-price/316/January 200 OK (10ms)
[wrangler:info] GET /get-hotel-price/316/February 200 OK (9ms)
[wrangler:info] GET /get-hotel-price/316/March 200 OK (8ms)
[wrangler:info] GET /get-hotel-price/316/April 200 OK (11ms)
[wrangler:info] GET /get-hotel-price/316/May 200 OK (7ms)
[wrangler:info] GET /get-hotel-price/316/June 200 OK (9ms)
[wrangler:info] GET /get-hotel-price/316/July 200 OK (8ms)
[wrangler:info] GET /get-hotel-price/316/August 200 OK (8ms)
[wrangler:info] GET /get-hotel-price/316/September 200 OK (8ms)
[wrangler:info] GET /get-hotel-price/316/October 200 OK (9ms)
[wrangler:info] GET /get-hotel-price/316/November 200 OK (8ms)
[wrangler:info] GET /get-hotel-price/316/December 200 OK (7ms)
[wrangler:info] GET /get-hotel-price/371/January 200 OK (9ms)
[wrangler:info] GET /get-hotel-price/371/February 200 OK (10ms)
[wrangler:info] GET /get-hotel-price/371/March 200 OK (7ms)
[wrangler:info] GET /get-hotel-price/371/April 200 OK (7ms)
[wrangler:info] GET /get-hotel-price/371/May 200 OK (11ms)
[wrangler:info] GET /get-hotel-price/371/June 200 OK (6ms)
[wrangler:info] GET /get-hotel-price/371/July 200 OK (9ms)
[wrangler:info] GET /get-hotel-price/371/August 200 OK (11ms)
[wrangler:info] GET /get-hotel-price/371/September 200 OK (10ms)
[wrangler:info] GET /get-hotel-price/371/October 200 OK (6ms)
[wrangler:info] GET /get-hotel-price/371/November 200 OK (8ms)
[wrangler:info] GET /get-hotel-price/371/December 200 OK (7ms)
[wrangler:info] GET /get-hotel-price/376/January 200 OK (8ms)
[wrangler:info] GET /get-hotel-price/376/February 200 OK (7ms)
[wrangler:info] GET /get-hotel-price/376/March 200 OK (8ms)
[wrangler:info] GET /get-hotel-price/376/April 200 OK (8ms)
[wrangler:info] GET /get-hotel-price/376/May 200 OK (7ms)
[wrangler:info] GET /get-hotel-price/376/June 200 OK (7ms)
[wrangler:info] GET /get-hotel-price/376/July 200 OK (13ms)
[wrangler:info] GET /get-hotel-price/376/August 200 OK (8ms)
[wrangler:info] GET /get-hotel-price/376/September 200 OK (8ms)
[wrangler:info] GET /get-hotel-price/376/October 200 OK (8ms)
[wrangler:info] GET /get-hotel-price/376/November 200 OK (9ms)
[wrangler:info] GET /get-hotel-price/376/December 200 OK (8ms)
[wrangler:info] GET /get-hotel-price/380/January 200 OK (7ms)
[wrangler:info] GET /get-hotel-price/380/February 200 OK (6ms)
[wrangler:info] GET /get-hotel-price/380/March 200 OK (7ms)
[wrangler:info] GET /get-hotel-price/380/April 200 OK (9ms)
[wrangler:info] GET /get-hotel-price/380/May 200 OK (10ms)
[wrangler:info] GET /get-hotel-price/380/June 200 OK (8ms)
[wrangler:info] GET /get-hotel-price/380/July 200 OK (9ms)
[wrangler:info] GET /get-hotel-price/380/August 200 OK (15ms)
[wrangler:info] GET /get-hotel-price/380/September 200 OK (8ms)
[wrangler:info] GET /get-hotel-price/380/October 200 OK (8ms)
[wrangler:info] GET /get-hotel-price/380/November 200 OK (8ms)
[wrangler:info] GET /get-hotel-price/380/December 200 OK (7ms)
[wrangler:info] GET /get-hotel-price/382/January 200 OK (10ms)
[wrangler:info] GET /get-hotel-price/382/February 200 OK (7ms)
[wrangler:info] GET /get-hotel-price/382/March 200 OK (8ms)
[wrangler:info] GET /get-hotel-price/382/April 200 OK (8ms)
[wrangler:info] GET /get-hotel-price/382/May 200 OK (9ms)
[wrangler:info] GET /get-hotel-price/382/June 200 OK (8ms)
[wrangler:info] GET /get-hotel-price/382/July 200 OK (6ms)
[wrangler:info] GET /get-hotel-price/382/August 200 OK (8ms)
[wrangler:info] GET /get-hotel-price/382/September 200 OK (10ms)
[wrangler:info] GET /get-hotel-price/382/October 200 OK (8ms)
[wrangler:info] GET /get-hotel-price/382/November 200 OK (7ms)
[wrangler:info] GET /get-hotel-price/382/December 200 OK (7ms)
[wrangler:info] GET /get-hotels-by-city/27 200 OK (8ms)
[wrangler:info] GET /get-hotel-price/112/January 200 OK (8ms)
[wrangler:info] GET /get-hotel-price/112/February 200 OK (8ms)
[wrangler:info] GET /get-hotel-price/112/March 200 OK (10ms)
[wrangler:info] GET /get-hotel-price/112/April 200 OK (8ms)
[wrangler:info] GET /get-hotel-price/112/May 200 OK (8ms)
[wrangler:info] GET /get-hotel-price/112/June 200 OK (10ms)
[wrangler:info] GET /get-hotel-price/112/July 200 OK (7ms)
[wrangler:info] GET /get-hotel-price/112/August 200 OK (8ms)
[wrangler:info] GET /get-hotel-price/112/September 200 OK (7ms)
[wrangler:info] GET /get-hotel-price/112/October 200 OK (9ms)
[wrangler:info] GET /get-hotel-price/112/November 200 OK (8ms)
[wrangler:info] GET /get-hotel-price/112/December 200 OK (8ms)
[wrangler:info] GET /get-hotel-price/114/January 200 OK (7ms)
[wrangler:info] GET /get-hotel-price/114/February 200 OK (9ms)
[wrangler:info] GET /get-hotel-price/114/March 200 OK (10ms)
[wrangler:info] GET /get-hotel-price/114/April 200 OK (8ms)
[wrangler:info] GET /get-hotel-price/114/May 200 OK (7ms)
[wrangler:info] GET /get-hotel-price/114/June 200 OK (12ms)
[wrangler:info] GET /get-hotel-price/114/July 200 OK (8ms)
[wrangler:info] GET /get-hotel-price/114/August 200 OK (11ms)
[wrangler:info] GET /get-hotel-price/114/September 200 OK (7ms)
[wrangler:info] GET /get-hotel-price/114/October 200 OK (6ms)
[wrangler:info] GET /get-hotel-price/114/November 200 OK (8ms)
[wrangler:info] GET /get-hotel-price/114/December 200 OK (8ms)
[wrangler:info] GET /get-hotel-price/115/January 200 OK (7ms)
[wrangler:info] GET /get-hotel-price/115/February 200 OK (6ms)
[wrangler:info] GET /get-hotel-price/115/March 200 OK (6ms)
[wrangler:info] GET /get-hotel-price/115/April 200 OK (9ms)
[wrangler:info] GET /get-hotel-price/115/May 200 OK (9ms)
[wrangler:info] GET /get-hotel-price/115/June 200 OK (7ms)
[wrangler:info] GET /get-hotel-price/115/July 200 OK (6ms)
[wrangler:info] GET /get-hotel-price/115/August 200 OK (9ms)
[wrangler:info] GET /get-hotel-price/115/September 200 OK (7ms)
[wrangler:info] GET /get-hotel-price/115/October 200 OK (7ms)
[wrangler:info] GET /get-hotel-price/115/November 200 OK (9ms)
[wrangler:info] GET /get-hotel-price/115/December 200 OK (9ms)
[wrangler:info] GET /get-hotel-price/116/January 200 OK (7ms)
[wrangler:info] GET /get-hotel-price/116/February 200 OK (8ms)
[wrangler:info] GET /get-hotel-price/116/March 200 OK (10ms)
[wrangler:info] GET /get-hotel-price/116/April 200 OK (7ms)
[wrangler:info] GET /get-hotel-price/116/May 200 OK (10ms)
[wrangler:info] GET /get-hotel-price/116/June 200 OK (7ms)
[wrangler:info] GET /get-hotel-price/116/July 200 OK (7ms)
[wrangler:info] GET /get-hotel-price/116/August 200 OK (9ms)
[wrangler:info] GET /get-hotel-price/116/September 200 OK (9ms)
[wrangler:info] GET /get-hotel-price/116/October 200 OK (6ms)
[wrangler:info] GET /get-hotel-price/116/November 200 OK (9ms)
[wrangler:info] GET /get-hotel-price/116/December 200 OK (9ms)
[wrangler:info] GET /get-hotel-price/117/January 200 OK (11ms)
[wrangler:info] GET /get-hotel-price/117/February 200 OK (7ms)
[wrangler:info] GET /get-hotel-price/117/March 200 OK (8ms)
[wrangler:info] GET /get-hotel-price/117/April 200 OK (8ms)
[wrangler:info] GET /get-hotel-price/117/May 200 OK (10ms)
[wrangler:info] GET /get-hotel-price/117/June 200 OK (9ms)
[wrangler:info] GET /get-hotel-price/117/July 200 OK (11ms)
[wrangler:info] GET /get-hotel-price/117/August 200 OK (7ms)
[wrangler:info] GET /get-hotel-price/117/September 200 OK (7ms)
[wrangler:info] GET /get-hotel-price/117/October 200 OK (10ms)
[wrangler:info] GET /get-hotel-price/117/November 200 OK (8ms)
[wrangler:info] GET /get-hotel-price/117/December 200 OK (9ms)
[wrangler:info] GET /get-hotel-price/118/January 200 OK (9ms)
[wrangler:info] GET /get-hotel-price/118/February 200 OK (9ms)
[wrangler:info] GET /get-hotel-price/118/March 200 OK (6ms)
[wrangler:info] GET /get-hotel-price/118/April 200 OK (6ms)
[wrangler:info] GET /get-hotel-price/118/May 200 OK (10ms)
[wrangler:info] GET /get-hotel-price/118/June 200 OK (11ms)
[wrangler:info] GET /get-hotel-price/118/July 200 OK (9ms)
[wrangler:info] GET /get-hotel-price/118/August 200 OK (6ms)
[wrangler:info] GET /get-hotel-price/118/September 200 OK (7ms)
[wrangler:info] GET /get-hotel-price/118/October 200 OK (12ms)
[wrangler:info] GET /get-hotel-price/118/November 200 OK (7ms)
[wrangler:info] GET /get-hotel-price/118/December 200 OK (8ms)
[wrangler:info] GET /get-hotel-price/285/January 200 OK (7ms)
[wrangler:info] GET /get-hotel-price/285/February 200 OK (7ms)
[wrangler:info] GET /get-hotel-price/285/March 200 OK (21ms)
[wrangler:info] GET /get-hotel-price/285/April 200 OK (15ms)
[wrangler:info] GET /get-hotel-price/285/May 200 OK (10ms)
[wrangler:info] GET /get-hotel-price/285/June 200 OK (12ms)
[wrangler:info] GET /get-hotel-price/285/July 200 OK (15ms)
[wrangler:info] GET /get-hotel-price/285/August 200 OK (14ms)
[wrangler:info] GET /get-hotel-price/285/September 200 OK (7ms)
[wrangler:info] GET /get-hotel-price/285/October 200 OK (9ms)
[wrangler:info] GET /get-hotel-price/285/November 200 OK (8ms)
[wrangler:info] GET /get-hotel-price/285/December 200 OK (7ms)
[wrangler:info] GET /get-hotel-price/286/January 200 OK (8ms)
[wrangler:info] GET /get-hotel-price/286/February 200 OK (7ms)
[wrangler:info] GET /get-hotel-price/286/March 200 OK (8ms)
[wrangler:info] GET /get-hotel-price/286/April 200 OK (8ms)
[wrangler:info] GET /get-hotel-price/286/May 200 OK (8ms)
[wrangler:info] GET /get-hotel-price/286/June 200 OK (8ms)
[wrangler:info] GET /get-hotel-price/286/July 200 OK (7ms)
[wrangler:info] GET /get-hotel-price/286/August 200 OK (7ms)
[wrangler:info] GET /get-hotel-price/286/September 200 OK (17ms)
[wrangler:info] GET /get-hotel-price/286/October 200 OK (8ms)
[wrangler:info] GET /get-hotel-price/286/November 200 OK (9ms)
[wrangler:info] GET /get-hotel-price/286/December 200 OK (8ms)
[wrangler:info] GET /get-hotel-price/288/January 200 OK (9ms)
[wrangler:info] GET /get-hotel-price/288/February 200 OK (9ms)
[wrangler:info] GET /get-hotel-price/288/March 200 OK (8ms)
[wrangler:info] GET /get-hotel-price/288/April 200 OK (6ms)
[wrangler:info] GET /get-hotel-price/288/May 200 OK (7ms)
[wrangler:info] GET /get-hotel-price/288/June 200 OK (8ms)
[wrangler:info] GET /get-hotel-price/288/July 200 OK (8ms)
[wrangler:info] GET /get-hotel-price/288/August 200 OK (8ms)
[wrangler:info] GET /get-hotel-price/288/September 200 OK (6ms)
[wrangler:info] GET /get-hotel-price/288/October 200 OK (7ms)
[wrangler:info] GET /get-hotel-price/288/November 200 OK (9ms)
[wrangler:info] GET /get-hotel-price/288/December 200 OK (12ms)
[wrangler:info] GET /get-hotel-price/290/January 200 OK (8ms)
[wrangler:info] GET /get-hotel-price/290/February 200 OK (7ms)
[wrangler:info] GET /get-hotel-price/290/March 200 OK (6ms)
[wrangler:info] GET /get-hotel-price/290/April 200 OK (10ms)
[wrangler:info] GET /get-hotel-price/290/May 200 OK (11ms)
[wrangler:info] GET /get-hotel-price/290/June 200 OK (8ms)
[wrangler:info] GET /get-hotel-price/290/July 200 OK (7ms)
[wrangler:info] GET /get-hotel-price/290/August 200 OK (4ms)
[wrangler:info] GET /get-hotel-price/290/September 200 OK (6ms)
[wrangler:info] GET /get-hotel-price/290/October 200 OK (5ms)
[wrangler:info] GET /get-hotel-price/290/November 200 OK (5ms)
[wrangler:info] GET /get-hotel-price/290/December 200 OK (4ms)
[wrangler:info] GET /get-hotel-price/296/January 200 OK (6ms)
[wrangler:info] GET /get-hotel-price/296/February 200 OK (5ms)
[wrangler:info] GET /get-hotel-price/296/March 200 OK (9ms)
[wrangler:info] GET /get-hotel-price/296/April 200 OK (6ms)
[wrangler:info] GET /get-hotel-price/296/May 200 OK (6ms)
[wrangler:info] GET /get-hotel-price/296/June 200 OK (5ms)
[wrangler:info] GET /get-hotel-price/296/July 200 OK (6ms)
[wrangler:info] GET /get-hotel-price/296/August 200 OK (7ms)
[wrangler:info] GET /get-hotel-price/296/September 200 OK (6ms)
[wrangler:info] GET /get-hotel-price/296/October 200 OK (4ms)
[wrangler:info] GET /get-hotel-price/296/November 200 OK (6ms)
[wrangler:info] GET /get-hotel-price/296/December 200 OK (5ms)
[wrangler:info] GET /get-hotel-price/303/January 200 OK (7ms)
[wrangler:info] GET /get-hotel-price/303/February 200 OK (4ms)
[wrangler:info] GET /get-hotel-price/303/March 200 OK (6ms)
[wrangler:info] GET /get-hotel-price/303/April 200 OK (5ms)
[wrangler:info] GET /get-hotel-price/303/May 200 OK (7ms)
[wrangler:info] GET /get-hotel-price/303/June 200 OK (6ms)
[wrangler:info] GET /get-hotel-price/303/July 200 OK (7ms)
[wrangler:info] GET /get-hotel-price/303/August 200 OK (7ms)
[wrangler:info] GET /get-hotel-price/303/September 200 OK (6ms)
[wrangler:info] GET /get-hotel-price/303/October 200 OK (7ms)
[wrangler:info] GET /get-hotel-price/303/November 200 OK (7ms)
[wrangler:info] GET /get-hotel-price/303/December 200 OK (6ms)
[wrangler:info] GET /get-hotel-price/310/January 200 OK (5ms)
[wrangler:info] GET /get-hotel-price/310/February 200 OK (6ms)
[wrangler:info] GET /get-hotel-price/310/March 200 OK (5ms)
[wrangler:info] GET /get-hotel-price/310/April 200 OK (7ms)
[wrangler:info] GET /get-hotel-price/310/May 200 OK (8ms)
[wrangler:info] GET /get-hotel-price/310/June 200 OK (7ms)
[wrangler:info] GET /get-hotel-price/310/July 200 OK (5ms)
[wrangler:info] GET /get-hotel-price/310/August 200 OK (5ms)
[wrangler:info] GET /get-hotel-price/310/September 200 OK (7ms)
[wrangler:info] GET /get-hotel-price/310/October 200 OK (5ms)
[wrangler:info] GET /get-hotel-price/310/November 200 OK (7ms)
[wrangler:info] GET /get-hotel-price/310/December 200 OK (6ms)
[wrangler:info] GET /get-hotel-price/367/January 200 OK (7ms)
[wrangler:info] GET /get-hotel-price/367/February 200 OK (8ms)
[wrangler:info] GET /get-hotel-price/367/March 200 OK (6ms)
[wrangler:info] GET /get-hotel-price/367/April 200 OK (6ms)
[wrangler:info] GET /get-hotel-price/367/May 200 OK (5ms)
[wrangler:info] GET /get-hotel-price/367/June 200 OK (9ms)
[wrangler:info] GET /get-hotel-price/367/July 200 OK (7ms)
[wrangler:info] GET /get-hotel-price/367/August 200 OK (8ms)
[wrangler:info] GET /get-hotel-price/367/September 200 OK (7ms)
[wrangler:info] GET /get-hotel-price/367/October 200 OK (8ms)
[wrangler:info] GET /get-hotel-price/367/November 200 OK (7ms)
[wrangler:info] GET /get-hotel-price/367/December 200 OK (9ms)
[wrangler:info] GET /get-hotels-by-city/28 200 OK (14ms)
[wrangler:info] GET /get-hotel-price/262/January 200 OK (7ms)
[wrangler:info] GET /get-hotel-price/262/February 200 OK (6ms)
[wrangler:info] GET /get-hotel-price/262/March 200 OK (7ms)
[wrangler:info] GET /get-hotel-price/262/April 200 OK (7ms)
[wrangler:info] GET /get-hotel-price/262/May 200 OK (6ms)
[wrangler:info] GET /get-hotel-price/262/June 200 OK (6ms)
[wrangler:info] GET /get-hotel-price/262/July 200 OK (9ms)
[wrangler:info] GET /get-hotel-price/262/August 200 OK (8ms)
[wrangler:info] GET /get-hotel-price/262/September 200 OK (7ms)
[wrangler:info] GET /get-hotel-price/262/October 200 OK (7ms)
[wrangler:info] GET /get-hotel-price/262/November 200 OK (7ms)
[wrangler:info] GET /get-hotel-price/262/December 200 OK (5ms)
[wrangler:info] GET /get-hotel-price/280/January 200 OK (5ms)
[wrangler:info] GET /get-hotel-price/280/February 200 OK (39ms)
[wrangler:info] GET /get-hotel-price/280/March 200 OK (6ms)
[wrangler:info] GET /get-hotel-price/280/April 200 OK (5ms)
[wrangler:info] GET /get-hotel-price/280/May 200 OK (6ms)
[wrangler:info] GET /get-hotel-price/280/June 200 OK (5ms)
[wrangler:info] GET /get-hotel-price/280/July 200 OK (5ms)
[wrangler:info] GET /get-hotel-price/280/August 200 OK (5ms)
[wrangler:info] GET /get-hotel-price/280/September 200 OK (4ms)
[wrangler:info] GET /get-hotel-price/280/October 200 OK (5ms)
[wrangler:info] GET /get-hotel-price/280/November 200 OK (5ms)
[wrangler:info] GET /get-hotel-price/280/December 200 OK (4ms)
[wrangler:info] GET /get-hotel-price/305/January 200 OK (5ms)
[wrangler:info] GET /get-hotel-price/305/February 200 OK (5ms)
[wrangler:info] GET /get-hotel-price/305/March 200 OK (4ms)
[wrangler:info] GET /get-hotel-price/305/April 200 OK (5ms)
[wrangler:info] GET /get-hotel-price/305/May 200 OK (4ms)
[wrangler:info] GET /get-hotel-price/305/June 200 OK (4ms)
[wrangler:info] GET /get-hotel-price/305/July 200 OK (8ms)
[wrangler:info] GET /get-hotel-price/305/August 200 OK (5ms)
[wrangler:info] GET /get-hotel-price/305/September 200 OK (5ms)
[wrangler:info] GET /get-hotel-price/305/October 200 OK (6ms)
[wrangler:info] GET /get-hotel-price/305/November 200 OK (4ms)
[wrangler:info] GET /get-hotel-price/305/December 200 OK (5ms)
[wrangler:info] GET /get-hotel-price/309/January 200 OK (7ms)
[wrangler:info] GET /get-hotel-price/309/February 200 OK (4ms)
[wrangler:info] GET /get-hotel-price/309/March 200 OK (6ms)
[wrangler:info] GET /get-hotel-price/309/April 200 OK (5ms)
[wrangler:info] GET /get-hotel-price/309/May 200 OK (5ms)
[wrangler:info] GET /get-hotel-price/309/June 200 OK (5ms)
[wrangler:info] GET /get-hotel-price/309/July 200 OK (4ms)
[wrangler:info] GET /get-hotel-price/309/August 200 OK (4ms)
[wrangler:info] GET /get-hotel-price/309/September 200 OK (14ms)
[wrangler:info] GET /get-hotel-price/309/October 200 OK (12ms)
[wrangler:info] GET /get-hotel-price/309/November 200 OK (11ms)
[wrangler:info] GET /get-hotel-price/309/December 200 OK (7ms)
[wrangler:info] GET /get-hotels-by-city/29 200 OK (6ms)
[wrangler:info] GET /get-hotel-price/282/January 200 OK (8ms)
[wrangler:info] GET /get-hotel-price/282/February 200 OK (10ms)
[wrangler:info] GET /get-hotel-price/282/March 200 OK (11ms)
[wrangler:info] GET /get-hotel-price/282/April 200 OK (7ms)
[wrangler:info] GET /get-hotel-price/282/May 200 OK (10ms)
[wrangler:info] GET /get-hotel-price/282/June 200 OK (9ms)
[wrangler:info] GET /get-hotel-price/282/July 200 OK (9ms)
[wrangler:info] GET /get-hotel-price/282/August 200 OK (8ms)
[wrangler:info] GET /get-hotel-price/282/September 200 OK (7ms)
[wrangler:info] GET /get-hotel-price/282/October 200 OK (6ms)
[wrangler:info] GET /get-hotel-price/282/November 200 OK (9ms)
[wrangler:info] GET /get-hotel-price/282/December 200 OK (10ms)
[wrangler:info] GET /get-hotels-by-city/30 200 OK (7ms)
[wrangler:info] GET /get-hotel-price/134/January 200 OK (11ms)
[wrangler:info] GET /get-hotel-price/134/February 200 OK (9ms)
[wrangler:info] GET /get-hotel-price/134/March 200 OK (13ms)
[wrangler:info] GET /get-hotel-price/134/April 200 OK (9ms)
[wrangler:info] GET /get-hotel-price/134/May 200 OK (10ms)
[wrangler:info] GET /get-hotel-price/134/June 200 OK (8ms)
[wrangler:info] GET /get-hotel-price/134/July 200 OK (8ms)
[wrangler:info] GET /get-hotel-price/134/August 200 OK (8ms)
[wrangler:info] GET /get-hotel-price/134/September 200 OK (10ms)
[wrangler:info] GET /get-hotel-price/134/October 200 OK (7ms)
[wrangler:info] GET /get-hotel-price/134/November 200 OK (9ms)
[wrangler:info] GET /get-hotel-price/134/December 200 OK (8ms)
[wrangler:info] GET /get-hotel-price/136/January 200 OK (8ms)
[wrangler:info] GET /get-hotel-price/136/February 200 OK (7ms)
[wrangler:info] GET /get-hotel-price/136/March 200 OK (8ms)
[wrangler:info] GET /get-hotel-price/136/April 200 OK (7ms)
[wrangler:info] GET /get-hotel-price/136/May 200 OK (7ms)
[wrangler:info] GET /get-hotel-price/136/June 200 OK (9ms)
[wrangler:info] GET /get-hotel-price/136/July 200 OK (7ms)
[wrangler:info] GET /get-hotel-price/136/August 200 OK (9ms)
[wrangler:info] GET /get-hotel-price/136/September 200 OK (8ms)
[wrangler:info] GET /get-hotel-price/136/October 200 OK (10ms)
[wrangler:info] GET /get-hotel-price/136/November 200 OK (26ms)
[wrangler:info] GET /get-hotel-price/136/December 200 OK (7ms)
[wrangler:info] GET /get-hotel-price/164/January 200 OK (7ms)
[wrangler:info] GET /get-hotel-price/164/February 200 OK (10ms)
[wrangler:info] GET /get-hotel-price/164/March 200 OK (16ms)
[wrangler:info] GET /get-hotel-price/164/April 200 OK (8ms)
[wrangler:info] GET /get-hotel-price/164/May 200 OK (12ms)
[wrangler:info] GET /get-hotel-price/164/June 200 OK (7ms)
[wrangler:info] GET /get-hotel-price/164/July 200 OK (8ms)
[wrangler:info] GET /get-hotel-price/164/August 200 OK (6ms)
[wrangler:info] GET /get-hotel-price/164/September 200 OK (6ms)
[wrangler:info] GET /get-hotel-price/164/October 200 OK (9ms)
[wrangler:info] GET /get-hotel-price/164/November 200 OK (8ms)
[wrangler:info] GET /get-hotel-price/164/December 200 OK (8ms)
[wrangler:info] GET /get-hotels-by-city/31 200 OK (7ms)
[wrangler:info] GET /get-hotel-price/129/January 200 OK (8ms)
[wrangler:info] GET /get-hotel-price/129/February 200 OK (7ms)
[wrangler:info] GET /get-hotel-price/129/March 200 OK (10ms)
[wrangler:info] GET /get-hotel-price/129/April 200 OK (8ms)
[wrangler:info] GET /get-hotel-price/129/May 200 OK (7ms)
[wrangler:info] GET /get-hotel-price/129/June 200 OK (10ms)
[wrangler:info] GET /get-hotel-price/129/July 200 OK (9ms)
[wrangler:info] GET /get-hotel-price/129/August 200 OK (16ms)
[wrangler:info] GET /get-hotel-price/129/September 200 OK (7ms)
[wrangler:info] GET /get-hotel-price/129/October 200 OK (8ms)
[wrangler:info] GET /get-hotel-price/129/November 200 OK (8ms)
[wrangler:info] GET /get-hotel-price/129/December 200 OK (6ms)
[wrangler:info] GET /get-hotel-price/130/January 200 OK (8ms)
[wrangler:info] GET /get-hotel-price/130/February 200 OK (8ms)
[wrangler:info] GET /get-hotel-price/130/March 200 OK (8ms)
[wrangler:info] GET /get-hotel-price/130/April 200 OK (6ms)
[wrangler:info] GET /get-hotel-price/130/May 200 OK (11ms)
[wrangler:info] GET /get-hotel-price/130/June 200 OK (6ms)
[wrangler:info] GET /get-hotel-price/130/July 200 OK (9ms)
[wrangler:info] GET /get-hotel-price/130/August 200 OK (8ms)
[wrangler:info] GET /get-hotel-price/130/September 200 OK (9ms)
[wrangler:info] GET /get-hotel-price/130/October 200 OK (11ms)
[wrangler:info] GET /get-hotel-price/130/November 200 OK (7ms)
[wrangler:info] GET /get-hotel-price/130/December 200 OK (8ms)
[wrangler:info] GET /get-hotel-price/131/January 200 OK (7ms)
[wrangler:info] GET /get-hotel-price/131/February 200 OK (7ms)
[wrangler:info] GET /get-hotel-price/131/March 200 OK (7ms)
[wrangler:info] GET /get-hotel-price/131/April 200 OK (7ms)
[wrangler:info] GET /get-hotel-price/131/May 200 OK (6ms)
[wrangler:info] GET /get-hotel-price/131/June 200 OK (7ms)
[wrangler:info] GET /get-hotel-price/131/July 200 OK (8ms)
[wrangler:info] GET /get-hotel-price/131/August 200 OK (8ms)
[wrangler:info] GET /get-hotel-price/131/September 200 OK (7ms)
[wrangler:info] GET /get-hotel-price/131/October 200 OK (7ms)
[wrangler:info] GET /get-hotel-price/131/November 200 OK (7ms)
[wrangler:info] GET /get-hotel-price/131/December 200 OK (11ms)
[wrangler:info] GET /get-hotel-price/144/January 200 OK (7ms)
[wrangler:info] GET /get-hotel-price/144/February 200 OK (8ms)
[wrangler:info] GET /get-hotel-price/144/March 200 OK (9ms)
[wrangler:info] GET /get-hotel-price/144/April 200 OK (7ms)
[wrangler:info] GET /get-hotel-price/144/May 200 OK (8ms)
[wrangler:info] GET /get-hotel-price/144/June 200 OK (7ms)
[wrangler:info] GET /get-hotel-price/144/July 200 OK (7ms)
[wrangler:info] GET /get-hotel-price/144/August 200 OK (8ms)
[wrangler:info] GET /get-hotel-price/144/September 200 OK (9ms)
[wrangler:info] GET /get-hotel-price/144/October 200 OK (9ms)
[wrangler:info] GET /get-hotel-price/144/November 200 OK (8ms)
[wrangler:info] GET /get-hotel-price/144/December 200 OK (7ms)
[wrangler:info] GET /get-hotels-by-city/32 200 OK (7ms)
[wrangler:info] GET /get-hotel-price/133/January 200 OK (8ms)
[wrangler:info] GET /get-hotel-price/133/February 200 OK (11ms)
[wrangler:info] GET /get-hotel-price/133/March 200 OK (7ms)
[wrangler:info] GET /get-hotel-price/133/April 200 OK (10ms)
[wrangler:info] GET /get-hotel-price/133/May 200 OK (7ms)
[wrangler:info] GET /get-hotel-price/133/June 200 OK (7ms)
[wrangler:info] GET /get-hotel-price/133/July 200 OK (10ms)
[wrangler:info] GET /get-hotel-price/133/August 200 OK (10ms)
[wrangler:info] GET /get-hotel-price/133/September 200 OK (9ms)
[wrangler:info] GET /get-hotel-price/133/October 200 OK (10ms)
[wrangler:info] GET /get-hotel-price/133/November 200 OK (6ms)
[wrangler:info] GET /get-hotel-price/133/December 200 OK (8ms)
[wrangler:info] GET /get-hotels-by-city/33 200 OK (6ms)
[wrangler:info] GET /get-hotel-price/153/January 200 OK (8ms)
[wrangler:info] GET /get-hotel-price/153/February 200 OK (7ms)
[wrangler:info] GET /get-hotel-price/153/March 200 OK (8ms)
[wrangler:info] GET /get-hotel-price/153/April 200 OK (9ms)
[wrangler:info] GET /get-hotel-price/153/May 200 OK (10ms)
[wrangler:info] GET /get-hotel-price/153/June 200 OK (10ms)
[wrangler:info] GET /get-hotel-price/153/July 200 OK (7ms)
[wrangler:info] GET /get-hotel-price/153/August 200 OK (10ms)
[wrangler:info] GET /get-hotel-price/153/September 200 OK (9ms)
[wrangler:info] GET /get-hotel-price/153/October 200 OK (9ms)
[wrangler:info] GET /get-hotel-price/153/November 200 OK (11ms)
[wrangler:info] GET /get-hotel-price/153/December 200 OK (8ms)
[wrangler:info] GET /get-hotel-price/345/January 200 OK (8ms)
[wrangler:info] GET /get-hotel-price/345/February 200 OK (7ms)
[wrangler:info] GET /get-hotel-price/345/March 200 OK (9ms)
[wrangler:info] GET /get-hotel-price/345/April 200 OK (10ms)
[wrangler:info] GET /get-hotel-price/345/May 200 OK (8ms)
[wrangler:info] GET /get-hotel-price/345/June 200 OK (10ms)
[wrangler:info] GET /get-hotel-price/345/July 200 OK (8ms)
[wrangler:info] GET /get-hotel-price/345/August 200 OK (13ms)
[wrangler:info] GET /get-hotel-price/345/September 200 OK (16ms)
[wrangler:info] GET /get-hotel-price/345/October 200 OK (8ms)
[wrangler:info] GET /get-hotel-price/345/November 200 OK (16ms)
[wrangler:info] GET /get-hotel-price/345/December 200 OK (8ms)
[wrangler:info] GET /get-hotel-price/378/January 200 OK (9ms)
[wrangler:info] GET /get-hotel-price/378/February 200 OK (9ms)
[wrangler:info] GET /get-hotel-price/378/March 200 OK (8ms)
[wrangler:info] GET /get-hotel-price/378/April 200 OK (9ms)
[wrangler:info] GET /get-hotel-price/378/May 200 OK (8ms)
[wrangler:info] GET /get-hotel-price/378/June 200 OK (8ms)
[wrangler:info] GET /get-hotel-price/378/July 200 OK (14ms)
[wrangler:info] GET /get-hotel-price/378/August 200 OK (11ms)
[wrangler:info] GET /get-hotel-price/378/September 200 OK (8ms)
[wrangler:info] GET /get-hotel-price/378/October 200 OK (14ms)
[wrangler:info] GET /get-hotel-price/378/November 200 OK (10ms)
[wrangler:info] GET /get-hotel-price/378/December 200 OK (9ms)
[wrangler:info] GET /get-hotel-price/387/January 200 OK (9ms)
[wrangler:info] GET /get-hotel-price/387/February 200 OK (12ms)
[wrangler:info] GET /get-hotel-price/387/March 200 OK (11ms)
[wrangler:info] GET /get-hotel-price/387/April 200 OK (11ms)
[wrangler:info] GET /get-hotel-price/387/May 200 OK (8ms)
[wrangler:info] GET /get-hotel-price/387/June 200 OK (9ms)
[wrangler:info] GET /get-hotel-price/387/July 200 OK (10ms)
[wrangler:info] GET /get-hotel-price/387/August 200 OK (10ms)
[wrangler:info] GET /get-hotel-price/387/September 200 OK (10ms)
[wrangler:info] GET /get-hotel-price/387/October 200 OK (13ms)
[wrangler:info] GET /get-hotel-price/387/November 200 OK (10ms)
[wrangler:info] GET /get-hotel-price/387/December 200 OK (10ms)
[wrangler:info] GET /get-hotels-by-city/34 200 OK (21ms)
[wrangler:info] GET /get-hotel-price/167/January 200 OK (11ms)
[wrangler:info] GET /get-hotel-price/167/February 200 OK (11ms)
[wrangler:info] GET /get-hotel-price/167/March 200 OK (14ms)
[wrangler:info] GET /get-hotel-price/167/April 200 OK (13ms)
[wrangler:info] GET /get-hotel-price/167/May 200 OK (10ms)
[wrangler:info] GET /get-hotel-price/167/June 200 OK (10ms)
[wrangler:info] GET /get-hotel-price/167/July 200 OK (9ms)
[wrangler:info] GET /get-hotel-price/167/August 200 OK (10ms)
[wrangler:info] GET /get-hotel-price/167/September 200 OK (9ms)
[wrangler:info] GET /get-hotel-price/167/October 200 OK (8ms)
[wrangler:info] GET /get-hotel-price/167/November 200 OK (10ms)
[wrangler:info] GET /get-hotel-price/167/December 200 OK (9ms)
[wrangler:info] GET /get-hotels-by-city/35 200 OK (10ms)
[wrangler:info] GET /get-hotel-price/172/January 200 OK (8ms)
[wrangler:info] GET /get-hotel-price/172/February 200 OK (8ms)
[wrangler:info] GET /get-hotel-price/172/March 200 OK (7ms)
[wrangler:info] GET /get-hotel-price/172/April 200 OK (9ms)
[wrangler:info] GET /get-hotel-price/172/May 200 OK (20ms)
[wrangler:info] GET /get-hotel-price/172/June 200 OK (11ms)
[wrangler:info] GET /get-hotel-price/172/July 200 OK (9ms)
[wrangler:info] GET /get-hotel-price/172/August 200 OK (7ms)
[wrangler:info] GET /get-hotel-price/172/September 200 OK (8ms)
[wrangler:info] GET /get-hotel-price/172/October 200 OK (9ms)
[wrangler:info] GET /get-hotel-price/172/November 200 OK (8ms)
[wrangler:info] GET /get-hotel-price/172/December 200 OK (9ms)
[wrangler:info] GET /get-hotel-price/173/January 200 OK (8ms)
[wrangler:info] GET /get-hotel-price/173/February 200 OK (9ms)
[wrangler:info] GET /get-hotel-price/173/March 200 OK (8ms)
[wrangler:info] GET /get-hotel-price/173/April 200 OK (10ms)
[wrangler:info] GET /get-hotel-price/173/May 200 OK (10ms)
[wrangler:info] GET /get-hotel-price/173/June 200 OK (9ms)
[wrangler:info] GET /get-hotel-price/173/July 200 OK (11ms)
[wrangler:info] GET /get-hotel-price/173/August 200 OK (9ms)
[wrangler:info] GET /get-hotel-price/173/September 200 OK (10ms)
[wrangler:info] GET /get-hotel-price/173/October 200 OK (11ms)
[wrangler:info] GET /get-hotel-price/173/November 200 OK (9ms)
[wrangler:info] GET /get-hotel-price/173/December 200 OK (10ms)
[wrangler:info] GET /get-hotels-by-city/36 200 OK (12ms)
[wrangler:info] GET /get-hotel-price/175/January 200 OK (9ms)
[wrangler:info] GET /get-hotel-price/175/February 200 OK (13ms)
[wrangler:info] GET /get-hotel-price/175/March 200 OK (32ms)
[wrangler:info] GET /get-hotel-price/175/April 200 OK (12ms)
[wrangler:info] GET /get-hotel-price/175/May 200 OK (50ms)
[wrangler:info] GET /get-hotel-price/175/June 200 OK (25ms)
[wrangler:info] GET /get-hotel-price/175/July 200 OK (15ms)
[wrangler:info] GET /get-hotel-price/175/August 200 OK (9ms)
[wrangler:info] GET /get-hotel-price/175/September 200 OK (11ms)
[wrangler:info] GET /get-hotel-price/175/October 200 OK (8ms)
[wrangler:info] GET /get-hotel-price/175/November 200 OK (9ms)
[wrangler:info] GET /get-hotel-price/175/December 200 OK (10ms)
[wrangler:info] GET /get-hotel-price/295/January 200 OK (7ms)
[wrangler:info] GET /get-hotel-price/295/February 200 OK (10ms)
[wrangler:info] GET /get-hotel-price/295/March 200 OK (8ms)
[wrangler:info] GET /get-hotel-price/295/April 200 OK (11ms)
[wrangler:info] GET /get-hotel-price/295/May 200 OK (8ms)
[wrangler:info] GET /get-hotel-price/295/June 200 OK (8ms)
[wrangler:info] GET /get-hotel-price/295/July 200 OK (13ms)
[wrangler:info] GET /get-hotel-price/295/August 200 OK (11ms)
[wrangler:info] GET /get-hotel-price/295/September 200 OK (13ms)
[wrangler:info] GET /get-hotel-price/295/October 200 OK (10ms)
[wrangler:info] GET /get-hotel-price/295/November 200 OK (10ms)
[wrangler:info] GET /get-hotel-price/295/December 200 OK (13ms)
[wrangler:info] GET /get-hotels-by-city/40 200 OK (11ms)
[wrangler:info] GET /get-hotel-price/239/January 200 OK (223ms)
[wrangler:info] GET /get-hotel-price/239/February 200 OK (8ms)
[wrangler:info] GET /get-hotel-price/239/March 200 OK (16ms)
[wrangler:info] GET /get-hotel-price/239/April 200 OK (9ms)
[wrangler:info] GET /get-hotel-price/239/May 200 OK (9ms)
[wrangler:info] GET /get-hotel-price/239/June 200 OK (112ms)
[wrangler:info] GET /get-hotel-price/239/July 200 OK (19ms)
[wrangler:info] GET /get-hotel-price/239/August 200 OK (10ms)
[wrangler:info] GET /get-hotel-price/239/September 200 OK (13ms)
[wrangler:info] GET /get-hotel-price/239/October 200 OK (8ms)
[wrangler:info] GET /get-hotel-price/239/November 200 OK (10ms)
[wrangler:info] GET /get-hotel-price/239/December 200 OK (524ms)
[wrangler:info] GET /get-hotel-price/241/January 200 OK (16ms)
[wrangler:info] GET /get-hotel-price/241/February 200 OK (22ms)
[wrangler:info] GET /get-hotel-price/241/March 200 OK (10ms)
[wrangler:info] GET /get-hotel-price/241/April 200 OK (8ms)
[wrangler:info] GET /get-hotel-price/241/May 200 OK (14ms)
[wrangler:info] GET /get-hotel-price/241/June 200 OK (12ms)
[wrangler:info] GET /get-hotel-price/241/July 200 OK (9ms)
[wrangler:info] GET /get-hotel-price/241/August 200 OK (8ms)
[wrangler:info] GET /get-hotel-price/241/September 200 OK (10ms)
[wrangler:info] GET /get-hotel-price/241/October 200 OK (8ms)
[wrangler:info] GET /get-hotel-price/241/November 200 OK (8ms)
[wrangler:info] GET /get-hotel-price/241/December 200 OK (7ms)
[wrangler:info] GET /get-hotel-price/242/January 200 OK (6ms)
[wrangler:info] GET /get-hotel-price/242/February 200 OK (6ms)
[wrangler:info] GET /get-hotel-price/242/March 200 OK (8ms)
[wrangler:info] GET /get-hotel-price/242/April 200 OK (12ms)
[wrangler:info] GET /get-hotel-price/242/May 200 OK (7ms)
[wrangler:info] GET /get-hotel-price/242/June 200 OK (13ms)
[wrangler:info] GET /get-hotel-price/242/July 200 OK (13ms)
[wrangler:info] GET /get-hotel-price/242/August 200 OK (6ms)
[wrangler:info] GET /get-hotel-price/242/September 200 OK (7ms)
[wrangler:info] GET /get-hotel-price/242/October 200 OK (6ms)
[wrangler:info] GET /get-hotel-price/242/November 200 OK (12ms)
[wrangler:info] GET /get-hotel-price/242/December 200 OK (5ms)
[wrangler:info] GET /get-hotels-by-city/41 200 OK (6ms)
[wrangler:info] GET /get-hotels-by-city/42 200 OK (5ms)
[wrangler:info] GET /get-hotels-by-city/43 200 OK (7ms)
[wrangler:info] GET /get-hotel-price/275/January 200 OK (6ms)
[wrangler:info] GET /get-hotel-price/275/February 200 OK (6ms)
[wrangler:info] GET /get-hotel-price/275/March 200 OK (7ms)
[wrangler:info] GET /get-hotel-price/275/April 200 OK (6ms)
[wrangler:info] GET /get-hotel-price/275/May 200 OK (6ms)
[wrangler:info] GET /get-hotel-price/275/June 200 OK (6ms)
[wrangler:info] GET /get-hotel-price/275/July 200 OK (6ms)
[wrangler:info] GET /get-hotel-price/275/August 200 OK (7ms)
[wrangler:info] GET /get-hotel-price/275/September 200 OK (6ms)
[wrangler:info] GET /get-hotel-price/275/October 200 OK (6ms)
[wrangler:info] GET /get-hotel-price/275/November 200 OK (23ms)
[wrangler:info] GET /get-hotel-price/275/December 200 OK (6ms)
[wrangler:info] GET /get-hotels-by-city/44 200 OK (6ms)
[wrangler:info] GET /get-hotels-by-city/46 200 OK (6ms)
[wrangler:info] GET /get-hotel-price/301/January 200 OK (7ms)
[wrangler:info] GET /get-hotel-price/301/February 200 OK (7ms)
[wrangler:info] GET /get-hotel-price/301/March 200 OK (9ms)
[wrangler:info] GET /get-hotel-price/301/April 200 OK (7ms)
[wrangler:info] GET /get-hotel-price/301/May 200 OK (7ms)
[wrangler:info] GET /get-hotel-price/301/June 200 OK (7ms)
[wrangler:info] GET /get-hotel-price/301/July 200 OK (6ms)
[wrangler:info] GET /get-hotel-price/301/August 200 OK (4ms)
[wrangler:info] GET /get-hotel-price/301/September 200 OK (5ms)
[wrangler:info] GET /get-hotel-price/301/October 200 OK (6ms)
[wrangler:info] GET /get-hotel-price/301/November 200 OK (6ms)
[wrangler:info] GET /get-hotel-price/301/December 200 OK (6ms)
[wrangler:info] GET /get-hotel-price/302/January 200 OK (5ms)
[wrangler:info] GET /get-hotel-price/302/February 200 OK (5ms)
[wrangler:info] GET /get-hotel-price/302/March 200 OK (5ms)
[wrangler:info] GET /get-hotel-price/302/April 200 OK (80ms)
[wrangler:info] GET /get-hotel-price/302/May 200 OK (106ms)
[wrangler:info] GET /get-hotel-price/302/June 200 OK (73ms)
[wrangler:info] GET /get-hotel-price/302/July 200 OK (75ms)
[wrangler:info] GET /get-hotel-price/302/August 200 OK (109ms)
[wrangler:info] GET /get-hotel-price/302/September 200 OK (120ms)
[wrangler:info] GET /get-hotel-price/302/October 200 OK (81ms)
[wrangler:info] GET /get-hotel-price/302/November 200 OK (170ms)
[wrangler:info] GET /get-hotel-price/302/December 200 OK (13ms)
[wrangler:info] GET /get-hotel-price/439/January 200 OK (73ms)
[wrangler:info] GET /get-hotel-price/439/February 200 OK (9ms)
[wrangler:info] GET /get-hotel-price/439/March 200 OK (6ms)
[wrangler:info] GET /get-hotel-price/439/April 200 OK (6ms)
[wrangler:info] GET /get-hotel-price/439/May 200 OK (9ms)
[wrangler:info] GET /get-hotel-price/439/June 200 OK (20ms)
[wrangler:info] GET /get-hotel-price/439/July 200 OK (7ms)
[wrangler:info] GET /get-hotel-price/439/August 200 OK (4ms)
[wrangler:info] GET /get-hotel-price/439/September 200 OK (17ms)
[wrangler:info] GET /get-hotel-price/439/October 200 OK (7ms)
[wrangler:info] GET /get-hotel-price/439/November 200 OK (9ms)
[wrangler:info] GET /get-hotel-price/439/December 200 OK (12ms)
[wrangler:info] GET /get-hotels-by-city/47 200 OK (7ms)
[wrangler:info] GET /get-hotel-price/297/January 200 OK (5ms)
[wrangler:info] GET /get-hotel-price/297/February 200 OK (7ms)
[wrangler:info] GET /get-hotel-price/297/March 200 OK (6ms)
[wrangler:info] GET /get-hotel-price/297/April 200 OK (5ms)
[wrangler:info] GET /get-hotel-price/297/May 200 OK (8ms)
[wrangler:info] GET /get-hotel-price/297/June 200 OK (6ms)
[wrangler:info] GET /get-hotel-price/297/July 200 OK (6ms)
[wrangler:info] GET /get-hotel-price/297/August 200 OK (8ms)
[wrangler:info] GET /get-hotel-price/297/September 200 OK (6ms)
[wrangler:info] GET /get-hotel-price/297/October 200 OK (6ms)
[wrangler:info] GET /get-hotel-price/297/November 200 OK (6ms)
[wrangler:info] GET /get-hotel-price/297/December 200 OK (6ms)
[wrangler:info] GET /get-hotel-price/298/January 200 OK (6ms)
[wrangler:info] GET /get-hotel-price/298/February 200 OK (5ms)
[wrangler:info] GET /get-hotel-price/298/March 200 OK (6ms)
[wrangler:info] GET /get-hotel-price/298/April 200 OK (6ms)
[wrangler:info] GET /get-hotel-price/298/May 200 OK (6ms)
[wrangler:info] GET /get-hotel-price/298/June 200 OK (31ms)
[wrangler:info] GET /get-hotel-price/298/July 200 OK (6ms)
[wrangler:info] GET /get-hotel-price/298/August 200 OK (6ms)
[wrangler:info] GET /get-hotel-price/298/September 200 OK (5ms)
[wrangler:info] GET /get-hotel-price/298/October 200 OK (5ms)
[wrangler:info] GET /get-hotel-price/298/November 200 OK (5ms)
[wrangler:info] GET /get-hotel-price/298/December 200 OK (11ms)
[wrangler:info] GET /get-hotel-price/299/January 200 OK (4ms)
[wrangler:info] GET /get-hotel-price/299/February 200 OK (6ms)
[wrangler:info] GET /get-hotel-price/299/March 200 OK (5ms)
[wrangler:info] GET /get-hotel-price/299/April 200 OK (8ms)
[wrangler:info] GET /get-hotel-price/299/May 200 OK (8ms)
[wrangler:info] GET /get-hotel-price/299/June 200 OK (10ms)
[wrangler:info] GET /get-hotel-price/299/July 200 OK (6ms)
[wrangler:info] GET /get-hotel-price/299/August 200 OK (6ms)
[wrangler:info] GET /get-hotel-price/299/September 200 OK (6ms)
[wrangler:info] GET /get-hotel-price/299/October 200 OK (5ms)
[wrangler:info] GET /get-hotel-price/299/November 200 OK (5ms)
[wrangler:info] GET /get-hotel-price/299/December 200 OK (5ms)
[wrangler:info] GET /get-hotel-price/300/January 200 OK (5ms)
[wrangler:info] GET /get-hotel-price/300/February 200 OK (7ms)
[wrangler:info] GET /get-hotel-price/300/March 200 OK (6ms)
[wrangler:info] GET /get-hotel-price/300/April 200 OK (6ms)
[wrangler:info] GET /get-hotel-price/300/May 200 OK (6ms)
[wrangler:info] GET /get-hotel-price/300/June 200 OK (6ms)
[wrangler:info] GET /get-hotel-price/300/July 200 OK (5ms)
[wrangler:info] GET /get-hotel-price/300/August 200 OK (5ms)
[wrangler:info] GET /get-hotel-price/300/September 200 OK (6ms)
[wrangler:info] GET /get-hotel-price/300/October 200 OK (5ms)
[wrangler:info] GET /get-hotel-price/300/November 200 OK (6ms)
[wrangler:info] GET /get-hotel-price/300/December 200 OK (11ms)
[wrangler:info] GET /get-hotels-by-city/51 200 OK (6ms)
[wrangler:info] GET /get-hotel-price/358/January 200 OK (6ms)
[wrangler:info] GET /get-hotel-price/358/February 200 OK (6ms)
[wrangler:info] GET /get-hotel-price/358/March 200 OK (7ms)
[wrangler:info] GET /get-hotel-price/358/April 200 OK (6ms)
[wrangler:info] GET /get-hotel-price/358/May 200 OK (6ms)
[wrangler:info] GET /get-hotel-price/358/June 200 OK (5ms)
[wrangler:info] GET /get-hotel-price/358/July 200 OK (4ms)
[wrangler:info] GET /get-hotel-price/358/August 200 OK (5ms)
[wrangler:info] GET /get-hotel-price/358/September 200 OK (5ms)
[wrangler:info] GET /get-hotel-price/358/October 200 OK (4ms)
[wrangler:info] GET /get-hotel-price/358/November 200 OK (4ms)
[wrangler:info] GET /get-hotel-price/358/December 200 OK (6ms)
[wrangler:info] GET /get-hotels-by-city/55 200 OK (5ms)
[wrangler:info] GET /get-hotel-price/377/January 200 OK (5ms)
[wrangler:info] GET /get-hotel-price/377/February 200 OK (4ms)
[wrangler:info] GET /get-hotel-price/377/March 200 OK (5ms)
[wrangler:info] GET /get-hotel-price/377/April 200 OK (5ms)
[wrangler:info] GET /get-hotel-price/377/May 200 OK (5ms)
[wrangler:info] GET /get-hotel-price/377/June 200 OK (4ms)
[wrangler:info] GET /get-hotel-price/377/July 200 OK (7ms)
[wrangler:info] GET /get-hotel-price/377/August 200 OK (6ms)
[wrangler:info] GET /get-hotel-price/377/September 200 OK (7ms)
[wrangler:info] GET /get-hotel-price/377/October 200 OK (6ms)
[wrangler:info] GET /get-hotel-price/377/November 200 OK (5ms)
[wrangler:info] GET /get-hotel-price/377/December 200 OK (5ms)
[wrangler:info] GET /get-hotels-by-city/56 200 OK (7ms)
[wrangler:info] GET /get-hotel-price/385/January 200 OK (12ms)
[wrangler:info] GET /get-hotel-price/385/February 200 OK (8ms)
[wrangler:info] GET /get-hotel-price/385/March 200 OK (5ms)
[wrangler:info] GET /get-hotel-price/385/April 200 OK (6ms)
[wrangler:info] GET /get-hotel-price/385/May 200 OK (8ms)
[wrangler:info] GET /get-hotel-price/385/June 200 OK (4ms)
[wrangler:info] GET /get-hotel-price/385/July 200 OK (6ms)
[wrangler:info] GET /get-hotel-price/385/August 200 OK (18ms)
[wrangler:info] GET /get-hotel-price/385/September 200 OK (9ms)
[wrangler:info] GET /get-hotel-price/385/October 200 OK (7ms)
[wrangler:info] GET /get-hotel-price/385/November 200 OK (8ms)
[wrangler:info] GET /get-hotel-price/385/December 200 OK (12ms)
[wrangler:info] GET /get-hotels-by-city/67 200 OK (7ms)
[wrangler:info] GET /get-hotels-by-city/68 200 OK (8ms)
[wrangler:info] GET /get-hotels-by-city/69 200 OK (9ms)
[wrangler:info] GET /get-hotels-by-city/70 200 OK (13ms)
[wrangler:info] GET /get-hotels-by-city/71 200 OK (18ms)
[wrangler:info] GET /get-hotels-by-city/72 200 OK (9ms)
[wrangler:info] GET /get-hotels-by-city/73 200 OK (9ms)
[wrangler:info] GET / 200 OK (465ms)
[wrangler:info] GET / 200 OK (31ms)
[wrangler:info] HEAD / 200 OK (743ms)
[wrangler:info] HEAD /wedding-packages 307 Temporary Redirect (772ms)
[wrangler:info] HEAD /hotel-listing 307 Temporary Redirect (765ms)
[wrangler:info] HEAD /hotel-listing 307 Temporary Redirect (761ms)
[wrangler:info] HEAD /destination-wedding/delhi-ncr/andaz-new-delhi 307 Temporary Redirect (759ms)
[wrangler:info] HEAD /destination-wedding/delhi-ncr/jw-marriott-hotel-new-delhi-aerocity 307 Temporary Redirect (690ms)
[wrangler:info] HEAD /destination-wedding/delhi-ncr/courtyard-by-marriott-aravali-resort-delhi-ncr 307 Temporary Redirect (759ms)
[wrangler:info] HEAD /destination-wedding/delhi-ncr/grand-hyatt-gurgaon 307 Temporary Redirect (690ms)
[wrangler:info] HEAD /destination-wedding/delhi-ncr/heritage-village-resort-and-spa-manesar 307 Temporary Redirect (686ms)
[wrangler:info] HEAD /destination-wedding/delhi-ncr/itc-grand-bharat-delhi-ncr 307 Temporary Redirect (686ms)
[wrangler:info] HEAD /destination-wedding/delhi-ncr/itc-maurya-a-luxury-collection-hotel-new-delhi 307 Temporary Redirect (686ms)
[wrangler:info] HEAD /destination-wedding/delhi-ncr/jaypee-greens-golf-and-spa-resort-delhi-ncr 307 Temporary Redirect (686ms)
[wrangler:info] HEAD /destination-wedding/delhi-ncr/karma-lakelands-gurugram 307 Temporary Redirect (696ms)
[wrangler:info] HEAD /destination-wedding/delhi-ncr/pullman-new-delhi-aerocity 307 Temporary Redirect (694ms)
[wrangler:info] HEAD /destination-wedding/delhi-ncr/resort-country-club-manesar 307 Temporary Redirect (713ms)
[wrangler:info] HEAD /destination-wedding/delhi-ncr/radisson-blu-plaza-hotel-delhi-airport 307 Temporary Redirect (712ms)
[wrangler:info] HEAD /destination-wedding/delhi-ncr/sheraton-new-delhi-hotel 307 Temporary Redirect (710ms)
[wrangler:info] HEAD /destination-wedding/delhi-ncr/taj-mansingh-new-delhi 307 Temporary Redirect (718ms)
[wrangler:info] HEAD /destination-wedding/delhi-ncr/taj-damdama-lake-resort-and-spa-gurugram 307 Temporary Redirect (719ms)
[wrangler:info] HEAD /destination-wedding/delhi-ncr/taj-palace-new-delhi 307 Temporary Redirect (717ms)
[wrangler:info] HEAD /destination-wedding/delhi-ncr/taj-surajkund-resort-and-spa-delhi-ncr 307 Temporary Redirect (712ms)
[wrangler:info] HEAD /destination-wedding/delhi-ncr/the-lalit-mangar-delhi-ncr 307 Temporary Redirect (716ms)
[wrangler:info] HEAD /destination-wedding/delhi-ncr/the-leela-ambience-convention-hotel-gurugram 307 Temporary Redirect (713ms)
[wrangler:info] HEAD /destination-wedding/delhi-ncr/the-leela-palace-new-delhi 307 Temporary Redirect (721ms)
[wrangler:info] HEAD /destination-wedding/delhi-ncr/the-oberoi-gurgaon 307 Temporary Redirect (720ms)
[wrangler:info] HEAD /destination-wedding/delhi-ncr/the-roseate-new-delhi 307 Temporary Redirect (725ms)
[wrangler:info] HEAD /destination-wedding/delhi-ncr/the-westin-sohna-resort-and-spa-gurgaon 307 Temporary Redirect (721ms)
[wrangler:info] HEAD /destination-wedding/delhi-ncr/trident-gurgaon 307 Temporary Redirect (712ms)
[wrangler:info] HEAD /destination-wedding/delhi-ncr/welcomhotel-by-itc-hotels-delhi 307 Temporary Redirect (724ms)
[wrangler:info] HEAD /hotel-listing 307 Temporary Redirect (722ms)
[wrangler:info] HEAD /destination-wedding/goa/alila-diwa-goa 307 Temporary Redirect (728ms)
[wrangler:info] HEAD /destination-wedding/goa/caravela-beach-resort 307 Temporary Redirect (729ms)
[wrangler:info] HEAD /destination-wedding/goa/azaya-beach-resort-goa 307 Temporary Redirect (731ms)
[wrangler:info] HEAD /destination-wedding/goa/grand-hyatt-goa 307 Temporary Redirect (727ms)
[wrangler:info] HEAD /destination-wedding/goa/itc-grand-goa 307 Temporary Redirect (733ms)
[wrangler:info] HEAD /destination-wedding/goa/holiday-inn-resort-goa 307 Temporary Redirect (734ms)
[wrangler:info] HEAD /destination-wedding/goa/jw-marriott-goa 307 Temporary Redirect (732ms)
[wrangler:info] HEAD /destination-wedding/goa/planet-hollywood-beach-resort-goa 307 Temporary Redirect (742ms)
[wrangler:info] HEAD /destination-wedding/goa/radisson-blu-resort-goa-cavelossim-beach 307 Temporary Redirect (741ms)
[wrangler:info] HEAD /destination-wedding/goa/taj-cidade-de-goa-heritage-goa 307 Temporary Redirect (752ms)
[wrangler:info] HEAD /destination-wedding/goa/taj-cidade-de-goa-horizon-goa 307 Temporary Redirect (751ms)
[wrangler:info] HEAD /destination-wedding/goa/taj-fort-aguada-resort-and-spa-goa 307 Temporary Redirect (756ms)
[wrangler:info] HEAD /destination-wedding/goa/taj-exotica-resort-and-spa-goa 307 Temporary Redirect (757ms)
[wrangler:info] HEAD /destination-wedding/goa/taj-holiday-village-resort-and-spa-goa 307 Temporary Redirect (753ms)
[wrangler:info] HEAD /destination-wedding/goa/the-lalit-golf-and-spa-resort-goa 307 Temporary Redirect (756ms)
[wrangler:info] HEAD /destination-wedding/goa/the-st-regis-goa-resort 307 Temporary Redirect (761ms)
[wrangler:info] HEAD /destination-wedding/goa/the-zuri-white-sands-goa-resort-and-casino 307 Temporary Redirect (762ms)
[wrangler:info] HEAD /destination-wedding/goa/w-goa 307 Temporary Redirect (766ms)
[wrangler:info] HEAD /hotel-listing 307 Temporary Redirect (771ms)
[wrangler:info] HEAD /destination-wedding/jaipur/alila-fort-bishangarh-jaipur 307 Temporary Redirect (771ms)
[wrangler:info] HEAD /destination-wedding/jaipur/ananta-spa-and-resort-jaipur 307 Temporary Redirect (770ms)
[wrangler:info] HEAD /destination-wedding/jaipur/bhanwar-singh-palace-jaipur 307 Temporary Redirect (774ms)
[wrangler:info] HEAD /destination-wedding/jaipur/buena-vista-luxury-garden-spa-resort 307 Temporary Redirect (777ms)
[wrangler:info] HEAD /destination-wedding/jaipur/chomu-palace-hotel-jaipur 307 Temporary Redirect (771ms)
[wrangler:info] HEAD /destination-wedding/jaipur/doubletree-by-hilton-jaipur-amer 307 Temporary Redirect (779ms)
[wrangler:info] HEAD /destination-wedding/jaipur/fairmont-jaipur 307 Temporary Redirect (804ms)
[wrangler:info] HEAD /destination-wedding/jaipur/hyatt-regency-jaipur-mansarovar 307 Temporary Redirect (807ms)
[wrangler:info] HEAD /destination-wedding/jaipur/indana-palace-jaipur 307 Temporary Redirect (813ms)
[wrangler:info] HEAD /destination-wedding/jaipur/intercontinental-jaipur-tonk-road-by-ihg 307 Temporary Redirect (816ms)
[wrangler:info] HEAD /destination-wedding/jaipur/itc-rajputana-jaipur 307 Temporary Redirect (821ms)
[wrangler:info] HEAD /destination-wedding/jaipur/jai-mahal-palace-jaipur 307 Temporary Redirect (826ms)
[wrangler:info] HEAD /destination-wedding/jaipur/le-meridien-jaipur-resort-and-spa 307 Temporary Redirect (834ms)
[wrangler:info] HEAD /destination-wedding/jaipur/mementos-by-itc-hotels-jaipur 307 Temporary Redirect (838ms)
[wrangler:info] HEAD /destination-wedding/jaipur/mundota-fort-and-palace-jaipur 307 Temporary Redirect (844ms)
[wrangler:info] HEAD /destination-wedding/jaipur/novotel-jaipur 307 Temporary Redirect (847ms)
[wrangler:info] HEAD /destination-wedding/jaipur/pride-amber-vilas-resort-and-convention-centre-jaipur 307 Temporary Redirect (853ms)
[wrangler:info] HEAD /destination-wedding/jaipur/raffles-jaipur 307 Temporary Redirect (858ms)
[wrangler:info] HEAD /destination-wedding/jaipur/rajasthali-resorts-jaipur 307 Temporary Redirect (862ms)
[wrangler:info] HEAD /destination-wedding/jaipur/rambagh-palace-jaipur 307 Temporary Redirect (872ms)
[wrangler:info] HEAD /destination-wedding/jaipur/samode-bagh-jaipur 307 Temporary Redirect (876ms)
[wrangler:info] HEAD /destination-wedding/jaipur/shiv-vilas-jaipur 307 Temporary Redirect (885ms)
[wrangler:info] HEAD /destination-wedding/jaipur/taj-amer-jaipur 307 Temporary Redirect (894ms)
[wrangler:info] HEAD /destination-wedding/jaipur/taj-devi-ratn-resort-and-spa-jaipur 307 Temporary Redirect (898ms)
[wrangler:info] HEAD /destination-wedding/jaipur/the-gold-palace-and-resorts-jaipur 307 Temporary Redirect (908ms)
[wrangler:info] HEAD /destination-wedding/jaipur/the-jaibagh-palace-jaipur 307 Temporary Redirect (916ms)
[wrangler:info] HEAD /destination-wedding/jaipur/the-leela-palace-jaipur 307 Temporary Redirect (922ms)
[wrangler:info] HEAD /destination-wedding/jaipur/the-oberoi-rajvilas-jaipur 307 Temporary Redirect (926ms)
[wrangler:info] HEAD /destination-wedding/jaipur/the-palace-aravali-by-park-jewels-hotels-and-resorts-jaipur 307 Temporary Redirect (934ms)
[wrangler:info] HEAD /destination-wedding/jaipur/the-westin-jaipur-kant-kalwar-resort-and-spa 307 Temporary Redirect (939ms)
[wrangler:info] HEAD /hotel-listing 307 Temporary Redirect (945ms)
[wrangler:info] HEAD /destination-wedding/mussoorie/jaypee-residency-manor 307 Temporary Redirect (949ms)
[wrangler:info] HEAD /destination-wedding/mussoorie/jw-marriott-mussoorie-walnut-grove-resort-and-spa 307 Temporary Redirect (951ms)
[wrangler:info] HEAD /destination-wedding/mussoorie/royal-orchid-fort-resort-mussoorie 307 Temporary Redirect (956ms)
[wrangler:info] HEAD /destination-wedding/mussoorie/welcomhotel-by-itc-hotels-the-savoy 307 Temporary Redirect (960ms)
[wrangler:info] HEAD /hotel-listing 307 Temporary Redirect (966ms)
[wrangler:info] HEAD /destination-wedding/udaipur/aurika-udaipur 307 Temporary Redirect (973ms)
[wrangler:info] HEAD /destination-wedding/udaipur/chunda-palace-udaipur 307 Temporary Redirect (979ms)
[wrangler:info] HEAD /destination-wedding/udaipur/fairmont-udaipur-palace 307 Temporary Redirect (981ms)
[wrangler:info] HEAD /destination-wedding/udaipur/holymont-udaipur 307 Temporary Redirect (984ms)
[wrangler:info] HEAD /destination-wedding/udaipur/hotel-lakend-udaipur 307 Temporary Redirect (988ms)
[wrangler:info] HEAD /destination-wedding/udaipur/justa-sajjangarh-resort-and-spa-udaipur 307 Temporary Redirect (990ms)
[wrangler:info] HEAD /destination-wedding/udaipur/labh-garh-palace-resort-and-spa-udaipur 307 Temporary Redirect (986ms)
[wrangler:info] HEAD /destination-wedding/udaipur/mementos-by-itc-hotels-ekaaya-udaipur 307 Temporary Redirect (993ms)
[wrangler:info] HEAD /destination-wedding/udaipur/raajsa-resort-kumbhalgarh-ihcl-seleqtions-udaipur 307 Temporary Redirect (998ms)
[wrangler:info] HEAD /destination-wedding/udaipur/raas-devigarh-udaipur 307 Temporary Redirect (1001ms)
[wrangler:info] HEAD /destination-wedding/udaipur/radisson-blu-palace-resort-and-spa-udaipur 307 Temporary Redirect (1003ms)
[wrangler:info] HEAD /destination-wedding/udaipur/ramada-by-wyndham-udaipur-resort-and-spa 307 Temporary Redirect (1010ms)
[wrangler:info] HEAD /destination-wedding/udaipur/raffles-udaipur 307 Temporary Redirect (1011ms)
[wrangler:info] HEAD /destination-wedding/udaipur/taj-fateh-prakash-palace-udaipur 307 Temporary Redirect (1015ms)
[wrangler:info] HEAD /destination-wedding/udaipur/taj-aravali-resort-and-spa-udaipur 307 Temporary Redirect (1014ms)
[wrangler:info] HEAD /destination-wedding/udaipur/taj-lalit-bagh-udaipur 307 Temporary Redirect (1020ms)
[wrangler:info] HEAD /destination-wedding/udaipur/taj-lake-palace-udaipur 307 Temporary Redirect (1020ms)
[wrangler:info] HEAD /destination-wedding/udaipur/the-ananta-udaipur 307 Temporary Redirect (1027ms)
[wrangler:info] HEAD /destination-wedding/udaipur/the-lalit-laxmi-vilas-palace-udaipur 307 Temporary Redirect (1026ms)
[wrangler:info] HEAD /destination-wedding/udaipur/the-leela-palace-udaipur 307 Temporary Redirect (1034ms)
[wrangler:info] HEAD /destination-wedding/udaipur/the-oberoi-udaivilas-udaipur 307 Temporary Redirect (1039ms)
[wrangler:info] HEAD /destination-wedding/udaipur/trident-udaipur 307 Temporary Redirect (1042ms)
[wrangler:info] HEAD /destination-wedding/udaipur/udaipur-marriott-hotel 307 Temporary Redirect (1043ms)
[wrangler:info] HEAD /destination-wedding/udaipur/wyndham-grand-udaipur-fatehsagar-lake 307 Temporary Redirect (1044ms)
[wrangler:info] HEAD /hotel-listing 307 Temporary Redirect (1046ms)
[wrangler:info] HEAD /destination-wedding/agra/courtyard-by-marriott-agra 307 Temporary Redirect (1051ms)
[wrangler:info] HEAD /destination-wedding/agra/doubletree-by-hilton-hotel-agra 307 Temporary Redirect (1048ms)
[wrangler:info] HEAD /destination-wedding/agra/itc-mughal-agra 307 Temporary Redirect (1054ms)
[wrangler:info] HEAD /destination-wedding/agra/jaypee-palace-hotel-and-convention-centre-agra 307 Temporary Redirect (1063ms)
[wrangler:info] HEAD /destination-wedding/agra/laxmi-vilas-palace-bharatpur 307 Temporary Redirect (1063ms)
[wrangler:info] HEAD /destination-wedding/agra/taj-agra 307 Temporary Redirect (1072ms)
[wrangler:info] HEAD /destination-wedding/agra/taj-view-agra 307 Temporary Redirect (1077ms)
[wrangler:info] HEAD /destination-wedding/agra/the-oberoi-amarvilas-agra 307 Temporary Redirect (1077ms)
[wrangler:info] HEAD /destination-wedding/agra/trident-agra 307 Temporary Redirect (1080ms)
[wrangler:info] HEAD /hotel-listing 307 Temporary Redirect (1084ms)
[wrangler:info] HEAD /destination-wedding/ajmer/pratap-mahal-ajmer-an-ihcl-seleqtions-hotel 307 Temporary Redirect (1085ms)
[wrangler:info] HEAD /hotel-listing 307 Temporary Redirect (1089ms)
[wrangler:info] HEAD /destination-wedding/amritsar/holiday-inn-amritsar-ranjit-avenue-by-ihg 307 Temporary Redirect (1092ms)
[wrangler:info] HEAD /destination-wedding/amritsar/hyatt-regency-amritsar-hotel-and-spa 307 Temporary Redirect (1094ms)
[wrangler:info] HEAD /destination-wedding/amritsar/taj-swarna-amritsar 307 Temporary Redirect (1095ms)
[wrangler:info] HEAD /destination-wedding/amritsar/welcomhotel-by-itc-hotels-amritsar 307 Temporary Redirect (1097ms)
[wrangler:info] HEAD /hotel-listing 307 Temporary Redirect (1101ms)
[wrangler:info] HEAD /destination-wedding/bengaluru/hilton-bangalore-embassy-golflinks 307 Temporary Redirect (1104ms)
[wrangler:info] HEAD /destination-wedding/bengaluru/hilton-garden-inn-bengaluru-embassy-manyata-business-park 307 Temporary Redirect (1103ms)
[wrangler:info] HEAD /destination-wedding/bengaluru/itc-gardenia-bengaluru 307 Temporary Redirect (1109ms)
[wrangler:info] HEAD /destination-wedding/bengaluru/itc-windsor-a-luxury-collection-hotel-bengaluru 307 Temporary Redirect (1111ms)
[wrangler:info] HEAD /destination-wedding/bengaluru/radisson-blu-hotel-bengaluru 307 Temporary Redirect (1116ms)
[wrangler:info] HEAD /destination-wedding/bengaluru/jw-marriott-bengaluru-prestige-golfshire-resort-and-spa 307 Temporary Redirect (1114ms)
[wrangler:info] HEAD /destination-wedding/bengaluru/shangri-la-bengaluru 307 Temporary Redirect (1121ms)
[wrangler:info] HEAD /destination-wedding/bengaluru/taj-west-end-bengaluru 307 Temporary Redirect (1120ms)
[wrangler:info] HEAD /destination-wedding/bengaluru/the-leela-bhartiya-city-bengaluru 307 Temporary Redirect (1125ms)
[wrangler:info] HEAD /destination-wedding/bengaluru/the-leela-palace-bengaluru 307 Temporary Redirect (1128ms)
[wrangler:info] HEAD /destination-wedding/bengaluru/the-ritz-carlton-bangalore 307 Temporary Redirect (1128ms)
[wrangler:info] HEAD /hotel-listing 307 Temporary Redirect (1142ms)
[wrangler:info] HEAD /destination-wedding/chandigarh/hyatt-regency-chandigarh 307 Temporary Redirect (1143ms)
[wrangler:info] HEAD /destination-wedding/chandigarh/jw-marriott-hotel-chandigarh 307 Temporary Redirect (1149ms)
[wrangler:info] HEAD /destination-wedding/chandigarh/novotel-chandigarh-tribune-chowk 307 Temporary Redirect (1149ms)
[wrangler:info] HEAD /destination-wedding/chandigarh/taj-chandigarh 307 Temporary Redirect (1153ms)
[wrangler:info] HEAD /destination-wedding/chandigarh/the-oberoi-sukhvilas 307 Temporary Redirect (1164ms)
[wrangler:info] HEAD /hotel-listing 307 Temporary Redirect (1166ms)
[wrangler:info] HEAD /destination-wedding/chennai/hilton-chennai 307 Temporary Redirect (1167ms)
[wrangler:info] HEAD /destination-wedding/chennai/hyatt-regency-chennai 307 Temporary Redirect (1170ms)
[wrangler:info] HEAD /destination-wedding/chennai/itc-grand-chola-chennai 307 Temporary Redirect (1174ms)
[wrangler:info] HEAD /destination-wedding/chennai/le-royal-meridien-chennai 307 Temporary Redirect (1177ms)
[wrangler:info] HEAD /destination-wedding/chennai/novotel-chennai-omr 307 Temporary Redirect (1181ms)
[wrangler:info] HEAD /destination-wedding/chennai/taj-club-house-chennai 307 Temporary Redirect (1183ms)
[wrangler:info] HEAD /destination-wedding/chennai/taj-connemara-chennai 307 Temporary Redirect (1186ms)
[wrangler:info] HEAD /destination-wedding/chennai/the-leela-palace-chennai 307 Temporary Redirect (1187ms)
[wrangler:info] HEAD /hotel-listing 307 Temporary Redirect (1195ms)
[wrangler:info] HEAD /destination-wedding/dehradun/hyatt-regency-dehradun-resort-and-spa 307 Temporary Redirect (1199ms)
[wrangler:info] HEAD /destination-wedding/dehradun/le-meridien-dehradun-resort-and-spa 307 Temporary Redirect (1200ms)
[wrangler:info] HEAD /destination-wedding/dehradun/taj-mussoorie-foothills-dehradun 307 Temporary Redirect (1205ms)
[wrangler:info] HEAD /hotel-listing 307 Temporary Redirect (1210ms)
[wrangler:info] HEAD /destination-wedding/hyderabad/hyatt-hyderabad-gachibowli 307 Temporary Redirect (1209ms)
[wrangler:info] HEAD /destination-wedding/hyderabad/hyderabad-marriott-hotel-and-convention-centre 307 Temporary Redirect (1215ms)
[wrangler:info] HEAD /destination-wedding/hyderabad/itc-kakatiya-a-luxury-collection-hotel-hyderabad 307 Temporary Redirect (1215ms)
[wrangler:info] HEAD /destination-wedding/hyderabad/itc-kohenur-a-luxury-collection-hotel-hyderabad 307 Temporary Redirect (1214ms)
[wrangler:info] HEAD /destination-wedding/hyderabad/le-meridien-hyderabad 307 Temporary Redirect (1220ms)
[wrangler:info] HEAD /destination-wedding/hyderabad/novotel-hyderabad-convention-centre 307 Temporary Redirect (1224ms)
[wrangler:info] HEAD /destination-wedding/hyderabad/radisson-blu-plaza-hotel-hyderabad-banjara-hills 307 Temporary Redirect (1229ms)
[wrangler:info] HEAD /destination-wedding/hyderabad/sheraton-hyderabad-hotel 307 Temporary Redirect (1232ms)
[wrangler:info] HEAD /destination-wedding/hyderabad/taj-deccan-hyderabad 307 Temporary Redirect (1233ms)
[wrangler:info] HEAD /destination-wedding/hyderabad/taj-falaknuma-palace-hyderabad 307 Temporary Redirect (1235ms)
[wrangler:info] HEAD /destination-wedding/hyderabad/taj-krishna-hyderabad 307 Temporary Redirect (1237ms)
[wrangler:info] HEAD /destination-wedding/hyderabad/the-leela-hyderabad 307 Temporary Redirect (1236ms)
[wrangler:info] HEAD /destination-wedding/hyderabad/the-park-hyderabad 307 Temporary Redirect (1243ms)
[wrangler:info] HEAD /destination-wedding/hyderabad/trident-hyderabad 307 Temporary Redirect (1246ms)
[wrangler:info] HEAD /hotel-listing 307 Temporary Redirect (1245ms)
[wrangler:info] HEAD /destination-wedding/jaisalmer/fort-rajwada-jaisalmer 307 Temporary Redirect (1251ms)
[wrangler:info] HEAD /destination-wedding/jaisalmer/gobindgarh-jaisalmer 307 Temporary Redirect (1252ms)
[wrangler:info] HEAD /destination-wedding/jaisalmer/jaisalmer-marriott-resort-and-spa 307 Temporary Redirect (1254ms)
[wrangler:info] HEAD /destination-wedding/jaisalmer/storii-by-itc-hotels-jaisalmer 307 Temporary Redirect (1256ms)
[wrangler:info] HEAD /destination-wedding/jaisalmer/suryagarh-palace-jaisalmer 307 Temporary Redirect (1257ms)
[wrangler:info] HEAD /destination-wedding/jaisalmer/taj-gorbandh-palace-jaisalmer 307 Temporary Redirect (1263ms)
[wrangler:info] HEAD /hotel-listing 307 Temporary Redirect (1266ms)
[wrangler:info] HEAD /destination-wedding/jim-corbett/aahana-resort-luxury-resorts-in-jim-corbett 307 Temporary Redirect (1263ms)
[wrangler:info] HEAD /destination-wedding/jim-corbett/lemon-tree-premier-jim-corbett 307 Temporary Redirect (1266ms)
[wrangler:info] HEAD /destination-wedding/jim-corbett/namah-jim-corbett 307 Temporary Redirect (1268ms)
[wrangler:info] HEAD /destination-wedding/jim-corbett/resorts-by-the-baagh-jim-corbett 307 Temporary Redirect (1270ms)
[wrangler:info] HEAD /destination-wedding/jim-corbett/taj-corbett-resort-and-spa-jim-corbett 307 Temporary Redirect (1274ms)
[wrangler:info] HEAD /destination-wedding/jim-corbett/tarangi-jim-corbett-resort-and-spa 307 Temporary Redirect (1273ms)
[wrangler:info] HEAD /destination-wedding/jim-corbett/the-riverview-retreat-jim-corbett 307 Temporary Redirect (1277ms)
[wrangler:info] HEAD /destination-wedding/jim-corbett/welcomhotel-by-itc-hotels-jim-corbett 307 Temporary Redirect (1275ms)
[wrangler:info] HEAD /hotel-listing 307 Temporary Redirect (1277ms)
[wrangler:info] HEAD /destination-wedding/jim-corbett/zana-a-luxury-escape-dhikuli-jim-corbet 307 Temporary Redirect (1279ms)
[wrangler:info] HEAD /destination-wedding/jodhpur/indana-palace-jodhpur 307 Temporary Redirect (1275ms)
[wrangler:info] HEAD /destination-wedding/jodhpur/ranbanka-palace-jodhpur 307 Temporary Redirect (1276ms)
[wrangler:info] HEAD /destination-wedding/jodhpur/radisson-hotel-jodhpur 307 Temporary Redirect (1278ms)
[wrangler:info] HEAD /destination-wedding/jodhpur/taj-hari-mahal-jodhpur 307 Temporary Redirect (1274ms)
[wrangler:info] HEAD /destination-wedding/jodhpur/umaid-bhawan-palace-jodhpur 307 Temporary Redirect (1280ms)
[wrangler:info] HEAD /destination-wedding/jodhpur/welcomheritage-bal-samand-lake-palace-jodhpur 307 Temporary Redirect (1278ms)
[wrangler:info] HEAD /destination-wedding/jodhpur/welcomhotel-by-itc-hotels-jodhpur 307 Temporary Redirect (1284ms)
[wrangler:info] HEAD /hotel-listing 307 Temporary Redirect (1282ms)
[wrangler:info] HEAD /destination-wedding/kochi/courtyard-by-marriott-kochi-airport 307 Temporary Redirect (1280ms)
[wrangler:info] HEAD /destination-wedding/kochi/le-meridien-kochi 307 Temporary Redirect (1285ms)
[wrangler:info] HEAD /destination-wedding/kochi/radisson-blu-kochi 307 Temporary Redirect (1284ms)
[wrangler:info] HEAD /destination-wedding/kochi/grand-hyatt-kochi-bolgatty 307 Temporary Redirect (1287ms)
[wrangler:info] HEAD /hotel-listing 307 Temporary Redirect (1283ms)
[wrangler:info] HEAD /destination-wedding/kolkata/itc-sonar-a-luxury-collection-hotel-kolkata 307 Temporary Redirect (1287ms)
[wrangler:info] HEAD /destination-wedding/kolkata/hyatt-regency-kolkata 307 Temporary Redirect (1290ms)
[wrangler:info] HEAD /destination-wedding/kolkata/jw-marriott-hotel-kolkata 307 Temporary Redirect (1285ms)
[wrangler:info] HEAD /destination-wedding/kolkata/taj-bengal-kolkata 307 Temporary Redirect (1297ms)
[wrangler:info] HEAD /hotel-listing 307 Temporary Redirect (1296ms)
[wrangler:info] HEAD /destination-wedding/kolkata/novotel-kolkata-hotel-and-residences 307 Temporary Redirect (1298ms)
[wrangler:info] HEAD /destination-wedding/mumbai/courtyard-by-marriott-mumbai-international-airport 307 Temporary Redirect (1294ms)
[wrangler:info] HEAD /destination-wedding/mumbai/fairmont-mumbai 307 Temporary Redirect (1302ms)
[wrangler:info] HEAD /destination-wedding/mumbai/four-seasons-hotel-mumbai 307 Temporary Redirect (1299ms)
[wrangler:info] HEAD /destination-wedding/mumbai/grand-hyatt-mumbai-hotel-and-residences 307 Temporary Redirect (1297ms)
[wrangler:info] HEAD /destination-wedding/mumbai/itc-maratha-mumbai 307 Temporary Redirect (1310ms)
[wrangler:info] HEAD /destination-wedding/mumbai/intercontinental-marine-drive-mumbai-by-ihg 307 Temporary Redirect (1311ms)
[wrangler:info] HEAD /destination-wedding/mumbai/jw-marriott-mumbai-juhu 307 Temporary Redirect (1307ms)
[wrangler:info] HEAD /destination-wedding/mumbai/novotel-mumbai-juhu-beach 307 Temporary Redirect (1310ms)
[wrangler:info] HEAD /destination-wedding/mumbai/radisson-blu-mumbai-international-airport 307 Temporary Redirect (1308ms)
[wrangler:info] HEAD /destination-wedding/mumbai/jw-marriott-mumbai-sahar 307 Temporary Redirect (1313ms)
[wrangler:info] HEAD /destination-wedding/mumbai/sofitel-mumbai-bkc 307 Temporary Redirect (1307ms)
[wrangler:info] HEAD /destination-wedding/mumbai/taj-santacruz-mumbai 307 Temporary Redirect (1312ms)
[wrangler:info] HEAD /destination-wedding/mumbai/the-leela-mumbai 307 Temporary Redirect (1310ms)
[wrangler:info] HEAD /destination-wedding/mumbai/taj-lands-end-mumbai 307 Temporary Redirect (1314ms)
[wrangler:info] HEAD /destination-wedding/mumbai/the-oberoi-mumbai 307 Temporary Redirect (1305ms)
[wrangler:info] HEAD /destination-wedding/mumbai/the-taj-mahal-palace-mumbai 307 Temporary Redirect (1314ms)
[wrangler:info] HEAD /destination-wedding/mumbai/the-westin-mumbai-powai-lake 307 Temporary Redirect (1313ms)
[wrangler:info] HEAD /destination-wedding/mumbai/the-st-regis-mumbai 307 Temporary Redirect (1316ms)
[wrangler:info] HEAD /destination-wedding/mumbai/trident-nariman-point-mumbai 307 Temporary Redirect (1311ms)
[wrangler:info] HEAD /destination-wedding/pune/conrad-pune 307 Temporary Redirect (1321ms)
[wrangler:info] HEAD /destination-wedding/pune/jw-marriott-hotel-pune 307 Temporary Redirect (1319ms)
[wrangler:info] HEAD /hotel-listing 307 Temporary Redirect (1323ms)
[wrangler:info] HEAD /destination-wedding/pune/radisson-blu-hotel-pune-kharadi 307 Temporary Redirect (1318ms)
[wrangler:info] HEAD /destination-wedding/pune/the-ritz-carlton-pune 307 Temporary Redirect (1327ms)
[wrangler:info] HEAD /destination-wedding/pune/the-westin-pune-koregaon-park 307 Temporary Redirect (1324ms)
[wrangler:info] HEAD /destination-wedding/pune/sheraton-grand-pune-bund-garden-hotel 307 Temporary Redirect (1328ms)
[wrangler:info] HEAD /hotel-listing 307 Temporary Redirect (1320ms)
[wrangler:info] HEAD /destination-wedding/pushkar/pushkara-resort-and-spa 307 Temporary Redirect (1327ms)
[wrangler:info] HEAD /destination-wedding/pushkar/ananta-resort-pushkar 307 Temporary Redirect (1330ms)
[wrangler:info] HEAD /destination-wedding/pushkar/regenta-spa-and-resort-pushkar 307 Temporary Redirect (1328ms)
[wrangler:info] HEAD /hotel-listing 307 Temporary Redirect (1326ms)
[wrangler:info] HEAD /destination-wedding/ranthambore/nahargarh-ranthambhore 307 Temporary Redirect (1332ms)
[wrangler:info] HEAD /destination-wedding/ranthambore/taj-sawai-ranthambore 307 Temporary Redirect (1339ms)
[wrangler:info] HEAD /destination-wedding/ranthambore/ranthambore-bagh-palace 307 Temporary Redirect (1341ms)
[wrangler:info] HEAD /destination-wedding/ranthambore/zana-forest-resort-ranthambore 307 Temporary Redirect (1338ms)
[wrangler:info] HEAD /hotel-listing 307 Temporary Redirect (1336ms)
[wrangler:info] HEAD /destination-wedding/rishikesh/taj-rishikesh-resort-and-spa 307 Temporary Redirect (1340ms)
[wrangler:info] HEAD /destination-wedding/rishikesh/the-westin-resort-and-spa-himalayas 307 Temporary Redirect (1338ms)
[wrangler:info] HEAD /hotel-listing 307 Temporary Redirect (1338ms)
[wrangler:info] HEAD /destination-wedding/shimla/taj-theog-resort-and-spa-shimla 307 Temporary Redirect (1353ms)
[wrangler:info] HEAD /hotel-listing 307 Temporary Redirect (1352ms)
[wrangler:info] HEAD /destination-wedding/trivandrum/hilton-garden-inn-trivandrum 307 Temporary Redirect (1351ms)
[wrangler:info] HEAD /wedding-consultation 307 Temporary Redirect (1359ms)
[wrangler:info] HEAD /hotel-cost-calculator 307 Temporary Redirect (1357ms)
[wrangler:info] HEAD /check-hotel-availability 307 Temporary Redirect (1355ms)
[wrangler:info] HEAD /real-weddings 307 Temporary Redirect (1358ms)
[wrangler:info] HEAD /about-us 307 Temporary Redirect (1357ms)
[wrangler:info] HEAD /contact 307 Temporary Redirect (1360ms)
[wrangler:info] HEAD /user/assets/images/logo.png 200 OK (9ms)
[wrangler:info] HEAD /user/assets/images/search.svg 200 OK (14ms)
[wrangler:info] HEAD /user/assets/images/menu.svg 200 OK (15ms)
[wrangler:info] HEAD /user/assets/images/close-menu.svg 200 OK (19ms)
[wrangler:info] HEAD /user/assets/images/megamenu.jpg 200 OK (22ms)
[wrangler:info] HEAD / 200 OK (21ms)
[wrangler:info] HEAD /about-us 307 Temporary Redirect (20ms)
[wrangler:info] HEAD /real-weddings 307 Temporary Redirect (21ms)
[wrangler:info] HEAD /wedding-packages 307 Temporary Redirect (26ms)
[wrangler:info] HEAD /blogs 307 Temporary Redirect (32ms)
[wrangler:info] HEAD /contact 307 Temporary Redirect (36ms)
[wrangler:info] HEAD /wedding-consultation 307 Temporary Redirect (44ms)
[wrangler:info] HEAD /check-hotel-availability 307 Temporary Redirect (46ms)
[wrangler:info] HEAD /hotel-cost-calculator 307 Temporary Redirect (48ms)
[wrangler:info] HEAD /hotel-listing 307 Temporary Redirect (48ms)
[wrangler:info] HEAD /faqs 307 Temporary Redirect (54ms)
[wrangler:info] HEAD /privacy-policy 307 Temporary Redirect (59ms)
[wrangler:info] HEAD /terms-of-use 307 Temporary Redirect (50ms)
[wrangler:info] HEAD /cookie-preference-policy 307 Temporary Redirect (56ms)
[wrangler:info] HEAD /user/assets/images/logo-footer.png 200 OK (9ms)
[wrangler:info] HEAD / 200 OK (202ms)
[wrangler:info] HEAD /wedding-packages 307 Temporary Redirect (465ms)
[wrangler:info] HEAD /hotel-listing 307 Temporary Redirect (484ms)
[wrangler:info] HEAD /hotel-listing 307 Temporary Redirect (464ms)
[wrangler:info] HEAD /destination-wedding/delhi-ncr/andaz-new-delhi 307 Temporary Redirect (482ms)
[wrangler:info] HEAD /destination-wedding/agra/itc-mughal-agra 307 Temporary Redirect (435ms)
[wrangler:info] HEAD /destination-wedding/delhi-ncr/courtyard-by-marriott-aravali-resort-delhi-ncr 307 Temporary Redirect (489ms)
[wrangler:info] HEAD /destination-wedding/delhi-ncr/grand-hyatt-gurgaon 307 Temporary Redirect (512ms)
[wrangler:info] HEAD /destination-wedding/delhi-ncr/heritage-village-resort-and-spa-manesar 307 Temporary Redirect (511ms)
[wrangler:info] HEAD /destination-wedding/delhi-ncr/itc-grand-bharat-delhi-ncr 307 Temporary Redirect (510ms)
[wrangler:info] HEAD /destination-wedding/delhi-ncr/itc-maurya-a-luxury-collection-hotel-new-delhi 307 Temporary Redirect (507ms)
[wrangler:info] HEAD /destination-wedding/delhi-ncr/jaypee-greens-golf-and-spa-resort-delhi-ncr 307 Temporary Redirect (505ms)
[wrangler:info] HEAD /destination-wedding/delhi-ncr/jw-marriott-hotel-new-delhi-aerocity 307 Temporary Redirect (503ms)
[wrangler:info] HEAD /destination-wedding/delhi-ncr/karma-lakelands-gurugram 307 Temporary Redirect (502ms)
[wrangler:info] HEAD /destination-wedding/delhi-ncr/pullman-new-delhi-aerocity 307 Temporary Redirect (501ms)
[wrangler:info] HEAD /destination-wedding/delhi-ncr/radisson-blu-plaza-hotel-delhi-airport 307 Temporary Redirect (500ms)
[wrangler:info] HEAD /destination-wedding/delhi-ncr/resort-country-club-manesar 307 Temporary Redirect (498ms)
[wrangler:info] HEAD /destination-wedding/delhi-ncr/sheraton-new-delhi-hotel 307 Temporary Redirect (496ms)
[wrangler:info] HEAD /destination-wedding/delhi-ncr/taj-damdama-lake-resort-and-spa-gurugram 307 Temporary Redirect (494ms)
[wrangler:info] HEAD /destination-wedding/delhi-ncr/taj-mansingh-new-delhi 307 Temporary Redirect (494ms)
[wrangler:info] HEAD /destination-wedding/delhi-ncr/taj-palace-new-delhi 307 Temporary Redirect (495ms)
[wrangler:info] HEAD /destination-wedding/delhi-ncr/taj-surajkund-resort-and-spa-delhi-ncr 307 Temporary Redirect (495ms)
[wrangler:info] HEAD /destination-wedding/delhi-ncr/the-lalit-mangar-delhi-ncr 307 Temporary Redirect (493ms)
[wrangler:info] HEAD /destination-wedding/delhi-ncr/the-leela-ambience-convention-hotel-gurugram 307 Temporary Redirect (494ms)
[wrangler:info] HEAD /destination-wedding/delhi-ncr/the-leela-palace-new-delhi 307 Temporary Redirect (493ms)
[wrangler:info] HEAD /destination-wedding/delhi-ncr/the-oberoi-gurgaon 307 Temporary Redirect (493ms)
[wrangler:info] HEAD /destination-wedding/delhi-ncr/the-roseate-new-delhi 307 Temporary Redirect (493ms)
[wrangler:info] HEAD /destination-wedding/delhi-ncr/the-westin-sohna-resort-and-spa-gurgaon 307 Temporary Redirect (491ms)
[wrangler:info] HEAD /destination-wedding/delhi-ncr/trident-gurgaon 307 Temporary Redirect (490ms)
[wrangler:info] HEAD /destination-wedding/delhi-ncr/welcomhotel-by-itc-hotels-delhi 307 Temporary Redirect (489ms)
[wrangler:info] HEAD /hotel-listing 307 Temporary Redirect (488ms)
[wrangler:info] HEAD /destination-wedding/goa/alila-diwa-goa 307 Temporary Redirect (487ms)
[wrangler:info] HEAD /destination-wedding/goa/azaya-beach-resort-goa 307 Temporary Redirect (487ms)
[wrangler:info] HEAD /destination-wedding/goa/caravela-beach-resort 307 Temporary Redirect (486ms)
[wrangler:info] HEAD /destination-wedding/goa/grand-hyatt-goa 307 Temporary Redirect (485ms)
[wrangler:info] HEAD /destination-wedding/goa/holiday-inn-resort-goa 307 Temporary Redirect (485ms)
[wrangler:info] HEAD /destination-wedding/goa/itc-grand-goa 307 Temporary Redirect (487ms)
[wrangler:info] HEAD /destination-wedding/goa/jw-marriott-goa 307 Temporary Redirect (487ms)
[wrangler:info] HEAD /destination-wedding/goa/planet-hollywood-beach-resort-goa 307 Temporary Redirect (486ms)
[wrangler:info] HEAD /destination-wedding/goa/radisson-blu-resort-goa-cavelossim-beach 307 Temporary Redirect (486ms)
[wrangler:info] HEAD /destination-wedding/goa/taj-cidade-de-goa-heritage-goa 307 Temporary Redirect (485ms)
[wrangler:info] HEAD /destination-wedding/goa/taj-cidade-de-goa-horizon-goa 307 Temporary Redirect (484ms)
[wrangler:info] HEAD /destination-wedding/goa/taj-exotica-resort-and-spa-goa 307 Temporary Redirect (484ms)
[wrangler:info] HEAD /destination-wedding/goa/taj-fort-aguada-resort-and-spa-goa 307 Temporary Redirect (484ms)
[wrangler:info] HEAD /destination-wedding/goa/taj-holiday-village-resort-and-spa-goa 307 Temporary Redirect (483ms)
[wrangler:info] HEAD /destination-wedding/goa/the-lalit-golf-and-spa-resort-goa 307 Temporary Redirect (479ms)
[wrangler:info] HEAD /destination-wedding/goa/the-st-regis-goa-resort 307 Temporary Redirect (479ms)
[wrangler:info] HEAD /destination-wedding/goa/the-zuri-white-sands-goa-resort-and-casino 307 Temporary Redirect (476ms)
[wrangler:info] HEAD /destination-wedding/goa/w-goa 307 Temporary Redirect (475ms)
[wrangler:info] HEAD /hotel-listing 307 Temporary Redirect (473ms)
[wrangler:info] HEAD /destination-wedding/jaipur/alila-fort-bishangarh-jaipur 307 Temporary Redirect (471ms)
[wrangler:info] HEAD /destination-wedding/jaipur/ananta-spa-and-resort-jaipur 307 Temporary Redirect (470ms)
[wrangler:info] HEAD /destination-wedding/jaipur/bhanwar-singh-palace-jaipur 307 Temporary Redirect (469ms)
[wrangler:info] HEAD /destination-wedding/jaipur/buena-vista-luxury-garden-spa-resort 307 Temporary Redirect (468ms)
[wrangler:info] HEAD /destination-wedding/jaipur/chomu-palace-hotel-jaipur 307 Temporary Redirect (468ms)
[wrangler:info] HEAD /destination-wedding/jaipur/doubletree-by-hilton-jaipur-amer 307 Temporary Redirect (466ms)
[wrangler:info] HEAD /destination-wedding/jaipur/fairmont-jaipur 307 Temporary Redirect (467ms)
[wrangler:info] HEAD /destination-wedding/jaipur/hyatt-regency-jaipur-mansarovar 307 Temporary Redirect (466ms)
[wrangler:info] HEAD /destination-wedding/jaipur/indana-palace-jaipur 307 Temporary Redirect (466ms)
[wrangler:info] HEAD /destination-wedding/jaipur/intercontinental-jaipur-tonk-road-by-ihg 307 Temporary Redirect (465ms)
[wrangler:info] HEAD /destination-wedding/jaipur/itc-rajputana-jaipur 307 Temporary Redirect (466ms)
[wrangler:info] HEAD /destination-wedding/jaipur/jai-mahal-palace-jaipur 307 Temporary Redirect (465ms)
[wrangler:info] HEAD /destination-wedding/jaipur/le-meridien-jaipur-resort-and-spa 307 Temporary Redirect (464ms)
[wrangler:info] HEAD /destination-wedding/jaipur/mementos-by-itc-hotels-jaipur 307 Temporary Redirect (464ms)
[wrangler:info] HEAD /destination-wedding/jaipur/mundota-fort-and-palace-jaipur 307 Temporary Redirect (464ms)
[wrangler:info] HEAD /destination-wedding/jaipur/novotel-jaipur 307 Temporary Redirect (463ms)
[wrangler:info] HEAD /destination-wedding/jaipur/pride-amber-vilas-resort-and-convention-centre-jaipur 307 Temporary Redirect (462ms)
[wrangler:info] HEAD /destination-wedding/jaipur/raffles-jaipur 307 Temporary Redirect (462ms)
[wrangler:info] HEAD /destination-wedding/jaipur/rajasthali-resorts-jaipur 307 Temporary Redirect (463ms)
[wrangler:info] HEAD /destination-wedding/jaipur/rambagh-palace-jaipur 307 Temporary Redirect (464ms)
[wrangler:info] HEAD /destination-wedding/jaipur/samode-bagh-jaipur 307 Temporary Redirect (465ms)
[wrangler:info] HEAD /destination-wedding/jaipur/shiv-vilas-jaipur 307 Temporary Redirect (464ms)
[wrangler:info] HEAD /destination-wedding/jaipur/taj-amer-jaipur 307 Temporary Redirect (463ms)
[wrangler:info] HEAD /destination-wedding/jaipur/taj-devi-ratn-resort-and-spa-jaipur 307 Temporary Redirect (462ms)
[wrangler:info] HEAD /destination-wedding/jaipur/the-gold-palace-and-resorts-jaipur 307 Temporary Redirect (459ms)
[wrangler:info] HEAD /destination-wedding/jaipur/the-jaibagh-palace-jaipur 307 Temporary Redirect (459ms)
[wrangler:info] HEAD /destination-wedding/jaipur/the-leela-palace-jaipur 307 Temporary Redirect (457ms)
[wrangler:info] HEAD /destination-wedding/jaipur/the-oberoi-rajvilas-jaipur 307 Temporary Redirect (456ms)
[wrangler:info] HEAD /destination-wedding/jaipur/the-palace-aravali-by-park-jewels-hotels-and-resorts-jaipur 307 Temporary Redirect (455ms)
[wrangler:info] HEAD /destination-wedding/jaipur/the-westin-jaipur-kant-kalwar-resort-and-spa 307 Temporary Redirect (454ms)
[wrangler:info] HEAD /hotel-listing 307 Temporary Redirect (455ms)
[wrangler:info] HEAD /destination-wedding/mussoorie/jaypee-residency-manor 307 Temporary Redirect (454ms)
[wrangler:info] HEAD /destination-wedding/mussoorie/jw-marriott-mussoorie-walnut-grove-resort-and-spa 307 Temporary Redirect (451ms)
[wrangler:info] HEAD /destination-wedding/mussoorie/royal-orchid-fort-resort-mussoorie 307 Temporary Redirect (448ms)
[wrangler:info] HEAD /destination-wedding/mussoorie/welcomhotel-by-itc-hotels-the-savoy 307 Temporary Redirect (447ms)
[wrangler:info] HEAD /hotel-listing 307 Temporary Redirect (446ms)
[wrangler:info] HEAD /destination-wedding/udaipur/aurika-udaipur 307 Temporary Redirect (445ms)
[wrangler:info] HEAD /destination-wedding/udaipur/chunda-palace-udaipur 307 Temporary Redirect (435ms)
[wrangler:info] HEAD /destination-wedding/udaipur/fairmont-udaipur-palace 307 Temporary Redirect (434ms)
[wrangler:info] HEAD /destination-wedding/udaipur/holymont-udaipur 307 Temporary Redirect (433ms)
[wrangler:info] HEAD /destination-wedding/udaipur/hotel-lakend-udaipur 307 Temporary Redirect (431ms)
[wrangler:info] HEAD /destination-wedding/udaipur/justa-sajjangarh-resort-and-spa-udaipur 307 Temporary Redirect (431ms)
[wrangler:info] HEAD /destination-wedding/udaipur/labh-garh-palace-resort-and-spa-udaipur 307 Temporary Redirect (430ms)
[wrangler:info] HEAD /destination-wedding/udaipur/mementos-by-itc-hotels-ekaaya-udaipur 307 Temporary Redirect (426ms)
[wrangler:info] HEAD /destination-wedding/udaipur/raajsa-resort-kumbhalgarh-ihcl-seleqtions-udaipur 307 Temporary Redirect (423ms)
[wrangler:info] HEAD /destination-wedding/udaipur/raas-devigarh-udaipur 307 Temporary Redirect (429ms)
[wrangler:info] HEAD /destination-wedding/udaipur/radisson-blu-palace-resort-and-spa-udaipur 307 Temporary Redirect (431ms)
[wrangler:info] HEAD /destination-wedding/udaipur/raffles-udaipur 307 Temporary Redirect (431ms)
[wrangler:info] HEAD /destination-wedding/udaipur/ramada-by-wyndham-udaipur-resort-and-spa 307 Temporary Redirect (414ms)
[wrangler:info] HEAD /destination-wedding/udaipur/taj-aravali-resort-and-spa-udaipur 307 Temporary Redirect (414ms)
[wrangler:info] HEAD /destination-wedding/udaipur/taj-fateh-prakash-palace-udaipur 307 Temporary Redirect (415ms)
[wrangler:info] HEAD /destination-wedding/udaipur/taj-lake-palace-udaipur 307 Temporary Redirect (416ms)
[wrangler:info] HEAD /destination-wedding/udaipur/taj-lalit-bagh-udaipur 307 Temporary Redirect (416ms)
[wrangler:info] HEAD /destination-wedding/udaipur/the-ananta-udaipur 307 Temporary Redirect (418ms)
[wrangler:info] HEAD /destination-wedding/udaipur/the-lalit-laxmi-vilas-palace-udaipur 307 Temporary Redirect (420ms)
[wrangler:info] HEAD /destination-wedding/udaipur/the-leela-palace-udaipur 307 Temporary Redirect (422ms)
[wrangler:info] HEAD /destination-wedding/udaipur/the-oberoi-udaivilas-udaipur 307 Temporary Redirect (423ms)
[wrangler:info] HEAD /destination-wedding/udaipur/trident-udaipur 307 Temporary Redirect (424ms)
[wrangler:info] HEAD /destination-wedding/udaipur/udaipur-marriott-hotel 307 Temporary Redirect (424ms)
[wrangler:info] HEAD /destination-wedding/udaipur/wyndham-grand-udaipur-fatehsagar-lake 307 Temporary Redirect (425ms)
[wrangler:info] HEAD /hotel-listing 307 Temporary Redirect (427ms)
[wrangler:info] HEAD /destination-wedding/agra/courtyard-by-marriott-agra 307 Temporary Redirect (428ms)
[wrangler:info] HEAD /destination-wedding/agra/doubletree-by-hilton-hotel-agra 307 Temporary Redirect (433ms)
[wrangler:info] HEAD /destination-wedding/agra/jaypee-palace-hotel-and-convention-centre-agra 307 Temporary Redirect (474ms)
[wrangler:info] HEAD /destination-wedding/agra/laxmi-vilas-palace-bharatpur 307 Temporary Redirect (475ms)
[wrangler:info] HEAD /destination-wedding/hyderabad/sheraton-hyderabad-hotel 307 Temporary Redirect (522ms)
[wrangler:info] HEAD /destination-wedding/hyderabad/taj-deccan-hyderabad 307 Temporary Redirect (523ms)
[wrangler:info] HEAD /destination-wedding/hyderabad/the-park-hyderabad 307 Temporary Redirect (759ms)
[wrangler:info] HEAD /destination-wedding/hyderabad/taj-krishna-hyderabad 307 Temporary Redirect (726ms)
[wrangler:info] HEAD /destination-wedding/hyderabad/taj-falaknuma-palace-hyderabad 307 Temporary Redirect (724ms)
[wrangler:info] HEAD /destination-wedding/agra/taj-agra 307 Temporary Redirect (475ms)
[wrangler:info] HEAD /destination-wedding/agra/taj-view-agra 307 Temporary Redirect (475ms)
[wrangler:info] HEAD /destination-wedding/agra/the-oberoi-amarvilas-agra 307 Temporary Redirect (476ms)
[wrangler:info] HEAD /destination-wedding/agra/trident-agra 307 Temporary Redirect (477ms)
[wrangler:info] HEAD /hotel-listing 307 Temporary Redirect (477ms)
[wrangler:info] HEAD /destination-wedding/ajmer/pratap-mahal-ajmer-an-ihcl-seleqtions-hotel 307 Temporary Redirect (478ms)
[wrangler:info] HEAD /hotel-listing 307 Temporary Redirect (479ms)
[wrangler:info] HEAD /destination-wedding/amritsar/holiday-inn-amritsar-ranjit-avenue-by-ihg 307 Temporary Redirect (480ms)
[wrangler:info] HEAD /destination-wedding/amritsar/hyatt-regency-amritsar-hotel-and-spa 307 Temporary Redirect (481ms)
[wrangler:info] HEAD /destination-wedding/amritsar/taj-swarna-amritsar 307 Temporary Redirect (482ms)
[wrangler:info] HEAD /destination-wedding/amritsar/welcomhotel-by-itc-hotels-amritsar 307 Temporary Redirect (482ms)
[wrangler:info] HEAD /hotel-listing 307 Temporary Redirect (483ms)
[wrangler:info] HEAD /destination-wedding/bengaluru/hilton-bangalore-embassy-golflinks 307 Temporary Redirect (484ms)
[wrangler:info] HEAD /destination-wedding/bengaluru/hilton-garden-inn-bengaluru-embassy-manyata-business-park 307 Temporary Redirect (485ms)
[wrangler:info] HEAD /destination-wedding/bengaluru/itc-gardenia-bengaluru 307 Temporary Redirect (485ms)
[wrangler:info] HEAD /destination-wedding/bengaluru/itc-windsor-a-luxury-collection-hotel-bengaluru 307 Temporary Redirect (485ms)
[wrangler:info] HEAD /destination-wedding/bengaluru/jw-marriott-bengaluru-prestige-golfshire-resort-and-spa 307 Temporary Redirect (486ms)
[wrangler:info] HEAD /destination-wedding/bengaluru/radisson-blu-hotel-bengaluru 307 Temporary Redirect (487ms)
[wrangler:info] HEAD /destination-wedding/bengaluru/shangri-la-bengaluru 307 Temporary Redirect (486ms)
[wrangler:info] HEAD /destination-wedding/bengaluru/taj-west-end-bengaluru 307 Temporary Redirect (486ms)
[wrangler:info] HEAD /destination-wedding/bengaluru/the-leela-bhartiya-city-bengaluru 307 Temporary Redirect (487ms)
[wrangler:info] HEAD /destination-wedding/bengaluru/the-leela-palace-bengaluru 307 Temporary Redirect (488ms)
[wrangler:info] HEAD /destination-wedding/bengaluru/the-ritz-carlton-bangalore 307 Temporary Redirect (488ms)
[wrangler:info] HEAD /hotel-listing 307 Temporary Redirect (489ms)
[wrangler:info] HEAD /destination-wedding/chandigarh/hyatt-regency-chandigarh 307 Temporary Redirect (491ms)
[wrangler:info] HEAD /destination-wedding/chandigarh/jw-marriott-hotel-chandigarh 307 Temporary Redirect (493ms)
[wrangler:info] HEAD /destination-wedding/chandigarh/novotel-chandigarh-tribune-chowk 307 Temporary Redirect (493ms)
[wrangler:info] HEAD /destination-wedding/chandigarh/taj-chandigarh 307 Temporary Redirect (494ms)
[wrangler:info] HEAD /destination-wedding/chandigarh/the-oberoi-sukhvilas 307 Temporary Redirect (495ms)
[wrangler:info] HEAD /hotel-listing 307 Temporary Redirect (496ms)
[wrangler:info] HEAD /destination-wedding/chennai/hilton-chennai 307 Temporary Redirect (496ms)
[wrangler:info] HEAD /destination-wedding/chennai/hyatt-regency-chennai 307 Temporary Redirect (497ms)
[wrangler:info] HEAD /destination-wedding/chennai/itc-grand-chola-chennai 307 Temporary Redirect (497ms)
[wrangler:info] HEAD /destination-wedding/chennai/le-royal-meridien-chennai 307 Temporary Redirect (498ms)
[wrangler:info] HEAD /destination-wedding/chennai/novotel-chennai-omr 307 Temporary Redirect (499ms)
[wrangler:info] HEAD /destination-wedding/chennai/taj-club-house-chennai 307 Temporary Redirect (499ms)
[wrangler:info] HEAD /destination-wedding/chennai/taj-connemara-chennai 307 Temporary Redirect (499ms)
[wrangler:info] HEAD /destination-wedding/chennai/the-leela-palace-chennai 307 Temporary Redirect (500ms)
[wrangler:info] HEAD /hotel-listing 307 Temporary Redirect (500ms)
[wrangler:info] HEAD /destination-wedding/dehradun/hyatt-regency-dehradun-resort-and-spa 307 Temporary Redirect (501ms)
[wrangler:info] HEAD /destination-wedding/dehradun/le-meridien-dehradun-resort-and-spa 307 Temporary Redirect (501ms)
[wrangler:info] HEAD /destination-wedding/dehradun/taj-mussoorie-foothills-dehradun 307 Temporary Redirect (503ms)
[wrangler:info] HEAD /hotel-listing 307 Temporary Redirect (503ms)
[wrangler:info] HEAD /destination-wedding/hyderabad/hyatt-hyderabad-gachibowli 307 Temporary Redirect (504ms)
[wrangler:info] HEAD /destination-wedding/hyderabad/hyderabad-marriott-hotel-and-convention-centre 307 Temporary Redirect (506ms)
[wrangler:info] HEAD /destination-wedding/hyderabad/itc-kakatiya-a-luxury-collection-hotel-hyderabad 307 Temporary Redirect (506ms)
[wrangler:info] HEAD /destination-wedding/hyderabad/itc-kohenur-a-luxury-collection-hotel-hyderabad 307 Temporary Redirect (507ms)
[wrangler:info] HEAD /destination-wedding/hyderabad/le-meridien-hyderabad 307 Temporary Redirect (507ms)
[wrangler:info] HEAD /destination-wedding/hyderabad/novotel-hyderabad-convention-centre 307 Temporary Redirect (507ms)
[wrangler:info] HEAD /destination-wedding/hyderabad/radisson-blu-plaza-hotel-hyderabad-banjara-hills 307 Temporary Redirect (508ms)
[wrangler:info] HEAD /destination-wedding/hyderabad/trident-hyderabad 307 Temporary Redirect (758ms)
[wrangler:info] HEAD /hotel-listing 307 Temporary Redirect (758ms)
[wrangler:info] HEAD /destination-wedding/jaisalmer/fort-rajwada-jaisalmer 307 Temporary Redirect (759ms)
[wrangler:info] HEAD /destination-wedding/jaisalmer/gobindgarh-jaisalmer 307 Temporary Redirect (759ms)
[wrangler:info] HEAD /destination-wedding/jaisalmer/jaisalmer-marriott-resort-and-spa 307 Temporary Redirect (759ms)
[wrangler:info] HEAD /destination-wedding/jaisalmer/storii-by-itc-hotels-jaisalmer 307 Temporary Redirect (758ms)
[wrangler:info] HEAD /destination-wedding/jaisalmer/suryagarh-palace-jaisalmer 307 Temporary Redirect (758ms)
[wrangler:info] HEAD /destination-wedding/jaisalmer/taj-gorbandh-palace-jaisalmer 307 Temporary Redirect (758ms)
[wrangler:info] HEAD /destination-wedding/hyderabad/the-leela-hyderabad 307 Temporary Redirect (739ms)
[wrangler:info] HEAD /hotel-listing 307 Temporary Redirect (766ms)
[wrangler:info] HEAD /destination-wedding/pune/sheraton-grand-pune-bund-garden-hotel 307 Temporary Redirect (937ms)
[wrangler:info] HEAD /destination-wedding/pune/the-ritz-carlton-pune 307 Temporary Redirect (938ms)
[wrangler:info] HEAD /destination-wedding/pune/the-westin-pune-koregaon-park 307 Temporary Redirect (940ms)
[wrangler:info] HEAD /hotel-listing 307 Temporary Redirect (943ms)
[wrangler:info] HEAD /destination-wedding/pushkar/ananta-resort-pushkar 307 Temporary Redirect (942ms)
[wrangler:info] HEAD /destination-wedding/pushkar/pushkara-resort-and-spa 307 Temporary Redirect (942ms)
[wrangler:info] HEAD /destination-wedding/pushkar/regenta-spa-and-resort-pushkar 307 Temporary Redirect (941ms)
[wrangler:info] HEAD /hotel-listing 307 Temporary Redirect (942ms)
[wrangler:info] HEAD /destination-wedding/ranthambore/nahargarh-ranthambhore 307 Temporary Redirect (942ms)
[wrangler:info] HEAD /destination-wedding/ranthambore/ranthambore-bagh-palace 307 Temporary Redirect (942ms)
[wrangler:info] HEAD /destination-wedding/ranthambore/taj-sawai-ranthambore 307 Temporary Redirect (941ms)
[wrangler:info] HEAD /destination-wedding/ranthambore/zana-forest-resort-ranthambore 307 Temporary Redirect (941ms)
[wrangler:info] HEAD /hotel-listing 307 Temporary Redirect (943ms)
[wrangler:info] HEAD /destination-wedding/rishikesh/taj-rishikesh-resort-and-spa 307 Temporary Redirect (944ms)
[wrangler:info] HEAD /destination-wedding/pune/jw-marriott-hotel-pune 307 Temporary Redirect (936ms)
[wrangler:info] HEAD /destination-wedding/pune/radisson-blu-hotel-pune-kharadi 307 Temporary Redirect (937ms)
[wrangler:info] HEAD /destination-wedding/rishikesh/the-westin-resort-and-spa-himalayas 307 Temporary Redirect (943ms)
[wrangler:info] HEAD /hotel-listing 307 Temporary Redirect (943ms)
[wrangler:info] HEAD /destination-wedding/shimla/taj-theog-resort-and-spa-shimla 307 Temporary Redirect (944ms)
[wrangler:info] HEAD /hotel-listing 307 Temporary Redirect (944ms)
[wrangler:info] HEAD /destination-wedding/trivandrum/hilton-garden-inn-trivandrum 307 Temporary Redirect (944ms)
[wrangler:info] HEAD /wedding-consultation 307 Temporary Redirect (943ms)
[wrangler:info] HEAD /hotel-cost-calculator 307 Temporary Redirect (968ms)
[wrangler:info] HEAD /destination-wedding/jim-corbett/aahana-resort-luxury-resorts-in-jim-corbett 307 Temporary Redirect (925ms)
[wrangler:info] HEAD /destination-wedding/jim-corbett/lemon-tree-premier-jim-corbett 307 Temporary Redirect (927ms)
[wrangler:info] HEAD /destination-wedding/jim-corbett/namah-jim-corbett 307 Temporary Redirect (926ms)
[wrangler:info] HEAD /destination-wedding/jim-corbett/resorts-by-the-baagh-jim-corbett 307 Temporary Redirect (927ms)
[wrangler:info] HEAD /destination-wedding/jim-corbett/taj-corbett-resort-and-spa-jim-corbett 307 Temporary Redirect (929ms)
[wrangler:info] HEAD /destination-wedding/jim-corbett/tarangi-jim-corbett-resort-and-spa 307 Temporary Redirect (929ms)
[wrangler:info] HEAD /destination-wedding/jim-corbett/the-riverview-retreat-jim-corbett 307 Temporary Redirect (930ms)
[wrangler:info] HEAD /destination-wedding/jim-corbett/welcomhotel-by-itc-hotels-jim-corbett 307 Temporary Redirect (931ms)
[wrangler:info] HEAD /destination-wedding/jim-corbett/zana-a-luxury-escape-dhikuli-jim-corbet 307 Temporary Redirect (931ms)
[wrangler:info] HEAD /hotel-listing 307 Temporary Redirect (930ms)
[wrangler:info] HEAD /destination-wedding/jodhpur/indana-palace-jodhpur 307 Temporary Redirect (930ms)
[wrangler:info] HEAD /destination-wedding/jodhpur/radisson-hotel-jodhpur 307 Temporary Redirect (931ms)
[wrangler:info] HEAD /destination-wedding/jodhpur/ranbanka-palace-jodhpur 307 Temporary Redirect (931ms)
[wrangler:info] HEAD /destination-wedding/jodhpur/taj-hari-mahal-jodhpur 307 Temporary Redirect (930ms)
[wrangler:info] HEAD /destination-wedding/jodhpur/umaid-bhawan-palace-jodhpur 307 Temporary Redirect (931ms)
[wrangler:info] HEAD /destination-wedding/jodhpur/welcomheritage-bal-samand-lake-palace-jodhpur 307 Temporary Redirect (932ms)
[wrangler:info] HEAD /destination-wedding/jodhpur/welcomhotel-by-itc-hotels-jodhpur 307 Temporary Redirect (932ms)
[wrangler:info] HEAD /hotel-listing 307 Temporary Redirect (931ms)
[wrangler:info] HEAD /destination-wedding/kochi/courtyard-by-marriott-kochi-airport 307 Temporary Redirect (930ms)
[wrangler:info] HEAD /destination-wedding/kochi/grand-hyatt-kochi-bolgatty 307 Temporary Redirect (931ms)
[wrangler:info] HEAD /destination-wedding/kochi/le-meridien-kochi 307 Temporary Redirect (931ms)
[wrangler:info] HEAD /destination-wedding/kochi/radisson-blu-kochi 307 Temporary Redirect (931ms)
[wrangler:info] HEAD /hotel-listing 307 Temporary Redirect (931ms)
[wrangler:info] HEAD /destination-wedding/kolkata/hyatt-regency-kolkata 307 Temporary Redirect (931ms)
[wrangler:info] HEAD /destination-wedding/kolkata/itc-sonar-a-luxury-collection-hotel-kolkata 307 Temporary Redirect (931ms)
[wrangler:info] HEAD /destination-wedding/kolkata/jw-marriott-hotel-kolkata 307 Temporary Redirect (930ms)
[wrangler:info] HEAD /destination-wedding/kolkata/novotel-kolkata-hotel-and-residences 307 Temporary Redirect (930ms)
[wrangler:info] HEAD /destination-wedding/kolkata/taj-bengal-kolkata 307 Temporary Redirect (931ms)
[wrangler:info] HEAD /hotel-listing 307 Temporary Redirect (931ms)
[wrangler:info] HEAD /destination-wedding/mumbai/courtyard-by-marriott-mumbai-international-airport 307 Temporary Redirect (930ms)
[wrangler:info] HEAD /destination-wedding/mumbai/fairmont-mumbai 307 Temporary Redirect (930ms)
[wrangler:info] HEAD /destination-wedding/mumbai/four-seasons-hotel-mumbai 307 Temporary Redirect (930ms)
[wrangler:info] HEAD /destination-wedding/mumbai/grand-hyatt-mumbai-hotel-and-residences 307 Temporary Redirect (930ms)
[wrangler:info] HEAD /destination-wedding/mumbai/intercontinental-marine-drive-mumbai-by-ihg 307 Temporary Redirect (930ms)
[wrangler:info] HEAD /destination-wedding/mumbai/itc-maratha-mumbai 307 Temporary Redirect (930ms)
[wrangler:info] HEAD /destination-wedding/mumbai/jw-marriott-mumbai-juhu 307 Temporary Redirect (930ms)
[wrangler:info] HEAD /destination-wedding/mumbai/jw-marriott-mumbai-sahar 307 Temporary Redirect (932ms)
[wrangler:info] HEAD /destination-wedding/mumbai/novotel-mumbai-juhu-beach 307 Temporary Redirect (931ms)
[wrangler:info] HEAD /destination-wedding/mumbai/radisson-blu-mumbai-international-airport 307 Temporary Redirect (932ms)
[wrangler:info] HEAD /destination-wedding/mumbai/sofitel-mumbai-bkc 307 Temporary Redirect (932ms)
[wrangler:info] HEAD /destination-wedding/mumbai/taj-lands-end-mumbai 307 Temporary Redirect (931ms)
[wrangler:info] HEAD /destination-wedding/mumbai/taj-santacruz-mumbai 307 Temporary Redirect (930ms)
[wrangler:info] HEAD /destination-wedding/mumbai/the-leela-mumbai 307 Temporary Redirect (930ms)
[wrangler:info] HEAD /destination-wedding/mumbai/the-oberoi-mumbai 307 Temporary Redirect (932ms)
[wrangler:info] HEAD /destination-wedding/mumbai/the-st-regis-mumbai 307 Temporary Redirect (932ms)
[wrangler:info] HEAD /destination-wedding/mumbai/the-taj-mahal-palace-mumbai 307 Temporary Redirect (934ms)
[wrangler:info] HEAD /destination-wedding/mumbai/the-westin-mumbai-powai-lake 307 Temporary Redirect (934ms)
[wrangler:info] HEAD /destination-wedding/mumbai/trident-nariman-point-mumbai 307 Temporary Redirect (935ms)
[wrangler:info] HEAD /hotel-listing 307 Temporary Redirect (936ms)
[wrangler:info] HEAD /destination-wedding/pune/conrad-pune 307 Temporary Redirect (937ms)
[wrangler:info] HEAD /check-hotel-availability 307 Temporary Redirect (969ms)
[wrangler:info] HEAD /real-weddings 307 Temporary Redirect (1002ms)
[wrangler:info] HEAD /about-us 307 Temporary Redirect (1001ms)
[wrangler:info] HEAD /contact 307 Temporary Redirect (1011ms)
[wrangler:info] HEAD /user/assets/images/logo.png 200 OK (9ms)
[wrangler:info] HEAD /user/assets/images/search.svg 200 OK (10ms)
[wrangler:info] HEAD /user/assets/images/menu.svg 200 OK (10ms)
[wrangler:info] HEAD /user/assets/images/close-menu.svg 200 OK (13ms)
[wrangler:info] HEAD /user/assets/images/megamenu.jpg 200 OK (17ms)
[wrangler:info] HEAD / 200 OK (20ms)
[wrangler:info] HEAD /about-us 307 Temporary Redirect (20ms)
[wrangler:info] HEAD /real-weddings 307 Temporary Redirect (29ms)
[wrangler:info] HEAD /wedding-packages 307 Temporary Redirect (34ms)
[wrangler:info] HEAD /blogs 307 Temporary Redirect (36ms)
[wrangler:info] HEAD /contact 307 Temporary Redirect (41ms)
[wrangler:info] HEAD /wedding-consultation 307 Temporary Redirect (44ms)
[wrangler:info] HEAD /check-hotel-availability 307 Temporary Redirect (49ms)
[wrangler:info] HEAD /hotel-cost-calculator 307 Temporary Redirect (53ms)
[wrangler:info] HEAD /hotel-listing 307 Temporary Redirect (56ms)
[wrangler:info] HEAD /faqs 307 Temporary Redirect (61ms)
[wrangler:info] HEAD /privacy-policy 307 Temporary Redirect (65ms)
[wrangler:info] HEAD /terms-of-use 307 Temporary Redirect (376ms)
[wrangler:info] HEAD /cookie-preference-policy 307 Temporary Redirect (377ms)
[wrangler:info] HEAD /user/assets/images/logo-footer.png 200 OK (5ms)
⎔ Reloading local server...
[wrangler:warn] Unable to fetch the `Request.cf` object! Falling back to a default placeholder...
Error: self-signed certificate in certificate chain
    at TLSSocket.onConnectSecure (node:internal/tls/wrap:1649:34)
    at TLSSocket.emit (node:events:508:28)
    at TLSSocket.emit (node:domain:489:12)
    at TLSSocket._finishInit (node:internal/tls/wrap:1095:8)
    at ssl.onhandshakedone (node:internal/tls/wrap:881:12)
[wrangler:info] ✨ Parsed 2 valid header rules.
⎔ Local server updated and ready
⎔ Reloading local server...
[wrangler:warn] Unable to fetch the `Request.cf` object! Falling back to a default placeholder...
Error: self-signed certificate in certificate chain
    at TLSSocket.onConnectSecure (node:internal/tls/wrap:1649:34)
    at TLSSocket.emit (node:events:508:28)
    at TLSSocket.emit (node:domain:489:12)
    at TLSSocket._finishInit (node:internal/tls/wrap:1095:8)
    at ssl.onhandshakedone (node:internal/tls/wrap:881:12)
[wrangler:info] ✨ Parsed 2 valid header rules.
⎔ Local server updated and ready
